,symbol,full name,market,sector,sub-sector
0,24CS,บริษัท ทเวนตี้ โฟร์ คอน แอนด์ ซัพพลาย จำกัด (มหาชน),mai,PROPCON,
1,2S,บริษัท 2 เอส เมทัล จำกัด (มหาชน),SET,INDUS,STEEL
2,3K-BAT,บริษัท ไทย เอ็นเนอร์จี สโตเรจ เทคโนโลยี จำกัด (มหาชน),SET,INDUS,AUTO
3,A,บริษัท อารียา พรอพเพอร์ตี้ จำกัด (มหาชน),SET,PROPCON,PROP
4,A5,บริษัท แอสเซท ไฟว์ กรุ๊ป จำกัด (มหาชน),mai,PROPCON,
5,AAI,บริษัท เอเชี่ยน อะไลอันซ์ อินเตอร์เนชั่นแนล จำกัด (มหาชน),SET,AGRO,FOOD
6,AAV,บริษัท เอเชีย เอวิเอชั่น จำกัด (มหาชน),SET,SERVICE,TRANS
7,ABM,บริษัท เอเชีย ไบโอแมส จำกัด (มหาชน),mai,RESOURC,
8,ACAP,บริษัท เอเชีย แคปปิตอล กรุ๊ป จำกัด (มหาชน),mai,FINCIAL,
9,ACC,บริษัท แอดวานซ์ คอนเนคชั่น คอร์ปอเรชั่น จำกัด (มหาชน),SET,RESOURC,ENERG
10,ACE,บริษัท แอ๊บโซลูท คลีน เอ็นเนอร์จี้ จำกัด (มหาชน),SET,RESOURC,ENERG
11,ACG,บริษัท ออโตคอร์ป โฮลดิ้ง จำกัด (มหาชน),SET,INDUS,AUTO
12,ADB,บริษัท แอ็พพลาย ดีบี จำกัด (มหาชน),mai,INDUS,
13,ADD,บริษัท แอดเทค ฮับ จำกัด (มหาชน),mai,SERVICE,
14,ADVANC,บริษัท แอดวานซ์ อินโฟร์ เซอร์วิส จำกัด (มหาชน),SET,TECH,ICT
15,ADVICE,บริษัท แอดไวซ์ ไอที อินฟินิท จำกัด (มหาชน),SET,SERVICE,COMM
16,AE,บริษัท ออลล์ เอ็นเนอร์ยี่ แอนด์ ยูทิลิตี้ จำกัด (มหาชน),SET,RESOURC,ENERG
17,AEONTS,บริษัท อิออน ธนสินทรัพย์ (ไทยแลนด์) จำกัด (มหาชน),SET,FINCIAL,FIN
18,AF,บริษัท ไอร่า แฟคตอริ่ง จำกัด (มหาชน),mai,FINCIAL,
19,AFC,บริษัท เอเซียไฟเบอร์ จำกัด (มหาชน),SET,CONSUMP,FASHION
20,AGE,บริษัท เอเชีย กรีน เอนเนอจี จำกัด (มหาชน),SET,RESOURC,ENERG
21,AH,บริษัท อาปิโก ไฮเทค จำกัด (มหาชน),SET,INDUS,AUTO
22,AHC,บริษัท โรงพยาบาลเอกชล จำกัด (มหาชน),SET,SERVICE,HELTH
23,AI,บริษัท เอเชียน อินซูเลเตอร์ จำกัด (มหาชน),SET,RESOURC,ENERG
24,AIE,บริษัท เอไอ เอนเนอร์จี จำกัด (มหาชน),SET,RESOURC,ENERG
25,AIMCG,ทรัสต์เพื่อการลงทุนในอสังหาริมทรัพย์และสิทธิการเช่าอสังหาริมทรัพย์ เอไอเอ็ม คอมเมอร์เชียล โกรท,SET,PROPCON,PF&REIT
26,AIMIRT,ทรัสต์เพื่อการลงทุนในอสังหาริมทรัพย์และสิทธิการเช่าอสังหาริมทรัพย์ เอไอเอ็ม อินดัสเทรียล โกรท,SET,PROPCON,PF&REIT
27,AIRA,บริษัท ไอร่า แคปปิตอล จำกัด (มหาชน),mai,FINCIAL,
28,AIT,บริษัท แอ็ดวานซ์ อินฟอร์เมชั่น เทคโนโลยี จำกัด (มหาชน),SET,TECH,ICT
29,AJ,บริษัท เอ.เจ.พลาสท์ จำกัด (มหาชน),SET,INDUS,PKG
30,AJA,บริษัท เอเจ แอดวานซ์ เทคโนโลยี จำกัด (มหาชน),SET,CONSUMP,HOME
31,AKP,บริษัท อัคคีปราการ จำกัด (มหาชน),mai,SERVICE,
32,AKR,บริษัท เอกรัฐวิศวกรรม จำกัด (มหาชน),SET,INDUS,IMM
33,AKS,บริษัท เอเคเอส คอร์ปอเรชั่น จำกัด (มหาชน),SET,PROPCON,PROP
34,ALLA,บริษัท ออลล่า จำกัด (มหาชน),SET,INDUS,IMM
35,ALLY,ทรัสต์เพื่อการลงทุนในอสังหาริมทรัพย์และสิทธิการเช่าอสังหาริมทรัพย์ อัลไล,SET,PROPCON,PF&REIT
36,ALPHAX,บริษัท อัลฟ่า ดิวิชั่นส์ จำกัด (มหาชน),mai,CONSUMP,
37,ALT,บริษัท เอแอลที เทเลคอม จำกัด (มหาชน),SET,TECH,ICT
38,ALUCON,บริษัท อลูคอน จำกัด (มหาชน),SET,INDUS,PKG
39,AMA,บริษัท อาม่า มารีน จำกัด (มหาชน),mai,SERVICE,
40,AMANAH,บริษัท อะมานะฮ์ ลิสซิ่ง จำกัด (มหาชน),SET,FINCIAL,FIN
41,AMARC,บริษัท ศูนย์ห้องปฏิบัติการและวิจัยทางการแพทย์และการเกษตรแห่งเอเซีย จำกัด (มหาชน),mai,SERVICE,
42,AMARIN,บริษัท อมรินทร์ คอร์เปอเรชั่นส์ จำกัด (มหาชน),SET,SERVICE,MEDIA
43,AMATA,บริษัท อมตะ คอร์ปอเรชัน จำกัด (มหาชน),SET,PROPCON,PROP
44,AMATAR,ทรัสต์เพื่อการลงทุนในอสังหาริมทรัพย์และสิทธิการเช่าอมตะซัมมิทโกรท,SET,PROPCON,PF&REIT
45,AMATAV,บริษัท อมตะ วีเอ็น จำกัด (มหาชน),SET,PROPCON,PROP
46,AMC,บริษัท เอเซีย เมทัล จำกัด (มหาชน),SET,INDUS,STEEL
47,AMR,บริษัท เอเอ็มอาร์ เอเซีย จำกัด (มหาชน),SET,TECH,ICT
48,ANAN,บริษัท อนันดา ดีเวลลอปเม้นท์ จำกัด (มหาชน),SET,PROPCON,PROP
49,ANI,บริษัท เอเชีย เน็ตเวิร์ค อินเตอร์เนชั่นแนล จำกัด (มหาชน),SET,SERVICE,TRANS
50,AOT,บริษัท ท่าอากาศยานไทย จำกัด (มหาชน),SET,SERVICE,TRANS
51,AP,บริษัท เอพี (ไทยแลนด์) จำกัด (มหาชน),SET,PROPCON,PROP
52,APCO,บริษัท เอเชียน ไฟย์โตซูติคอลส์ จำกัด (มหาชน),SET,CONSUMP,PERSON
53,APCS,บริษัท เอเซีย พรีซิชั่น จำกัด (มหาชน),SET,PROPCON,CONS
54,APEX,บริษัท เอเพ็กซ์ ดีเวลลอปเม้นท์ จำกัด (มหาชน),SET,PROPCON,PROP
55,APO,บริษัท เอเชียนน้ำมันปาล์ม จำกัด (มหาชน),mai,AGRO,
56,APP,บริษัท แอพพลิแคด จำกัด (มหาชน),mai,TECH,
57,APURE,บริษัท อกริเพียว โฮลดิ้งส์ จำกัด (มหาชน),SET,AGRO,FOOD
58,AQUA,บริษัท อควา คอร์เปอเรชั่น จำกัด (มหาชน),SET,SERVICE,MEDIA
59,ARIN,บริษัท อรินสิริ แลนด์ จำกัด (มหาชน),mai,PROPCON,
60,ARIP,บริษัท เออาร์ไอพี จำกัด (มหาชน),mai,SERVICE,
61,ARROW,บริษัท แอร์โรว์ ซินดิเคท จำกัด (มหาชน),mai,PROPCON,
62,AS,บริษัท แอสเฟียร์ อินโนเวชั่นส์ จำกัด (มหาชน),SET,SERVICE,MEDIA
63,ASAP,บริษัท ซินเนอร์เจติค ออโต้ เพอร์ฟอร์มานซ์ จำกัด (มหาชน),SET,FINCIAL,FIN
64,ASEFA,บริษัท อาซีฟา จำกัด (มหาชน),SET,INDUS,IMM
65,ASIA,บริษัท เอเชียโฮเต็ล จำกัด (มหาชน),SET,SERVICE,TOURISM
66,ASIAN,บริษัท เอเชี่ยนซี คอร์ปอเรชั่น จำกัด (มหาชน),SET,AGRO,FOOD
67,ASIMAR,บริษัท เอเชียน มารีน เซอร์วิสส์ จำกัด (มหาชน),SET,SERVICE,TRANS
68,ASK,บริษัท เอเซียเสริมกิจลีสซิ่ง จำกัด (มหาชน),SET,FINCIAL,FIN
69,ASN,บริษัท เอเอสเอ็น โบรกเกอร์ จำกัด (มหาชน),mai,FINCIAL,
70,ASP,บริษัท เอเซีย พลัส กรุ๊ป โฮลดิ้งส์ จำกัด (มหาชน),SET,FINCIAL,FIN
71,ASW,บริษัท แอสเซทไวส์ จำกัด (มหาชน),SET,PROPCON,PROP
72,ATP30,บริษัท เอทีพี 30 จำกัด (มหาชน),mai,SERVICE,
73,AU,บริษัท อาฟเตอร์ ยู จำกัด (มหาชน),mai,AGRO,
74,AUCT,บริษัท สหการประมูล จำกัด (มหาชน),mai,SERVICE,
75,AURA,บริษัท ออโรร่า ดีไซน์ จำกัด (มหาชน),SET,CONSUMP,FASHION
76,AWC,บริษัท แอสเสท เวิรด์ คอร์ป จำกัด (มหาชน),SET,PROPCON,PROP
77,AYUD,บริษัท อลิอันซ์ อยุธยา แคปปิตอล จำกัด (มหาชน),SET,FINCIAL,INSUR
78,B,บริษัท บี จิสติกส์ จำกัด (มหาชน),SET,SERVICE,TRANS
79,B52,บริษัท บี-52 แคปปิตอล จำกัด (มหาชน),SET,SERVICE,COMM
80,BA,บริษัท การบินกรุงเทพ จำกัด (มหาชน),SET,SERVICE,TRANS
81,BAFS,บริษัท บริการเชื้อเพลิงการบินกรุงเทพ จำกัด (มหาชน),SET,RESOURC,ENERG
82,BAM,บริษัทบริหารสินทรัพย์ กรุงเทพพาณิชย์ จำกัด (มหาชน),SET,FINCIAL,FIN
83,BANPU,บริษัท บ้านปู จำกัด (มหาชน),SET,RESOURC,ENERG
84,BAREIT,ทรัสต์เพื่อการลงทุนในสิทธิการเช่าอสังหาริมทรัพย์สนามบินการบินกรุงเทพ,SET,PROPCON,PF&REIT
85,BAY,ธนาคารกรุงศรีอยุธยา จำกัด (มหาชน),SET,FINCIAL,BANK
86,BBGI,บริษัท บีบีจีไอ จำกัด (มหาชน),SET,RESOURC,ENERG
87,BBIK,บริษัท บลูบิค กรุ๊ป จำกัด (มหาชน),mai,TECH,
88,BBL,ธนาคารกรุงเทพ จำกัด (มหาชน),SET,FINCIAL,BANK
89,BC,บริษัท บูทิค คอร์ปอเรชั่น จำกัด (มหาชน),mai,PROPCON,
90,BCH,บริษัท บางกอก เชน ฮอสปิทอล จำกัด (มหาชน),SET,SERVICE,HELTH
91,BCP,บริษัท บางจาก คอร์ปอเรชั่น จำกัด (มหาชน),SET,RESOURC,ENERG
92,BCPG,บริษัท บีซีพีจี จำกัด (มหาชน),SET,RESOURC,ENERG
93,BCT,บริษัท เบอร์ล่า คาร์บอน (ไทยแลนด์) จำกัด (มหาชน),SET,INDUS,PETRO
94,BDMS,บริษัท กรุงเทพดุสิตเวชการ จำกัด(มหาชน),SET,SERVICE,HELTH
95,BE8,บริษัท เบริล 8 พลัส จำกัด (มหาชน),mai,TECH,
96,BEAUTY,บริษัท บิวตี้ คอมมูนิตี้ จำกัด (มหาชน),SET,SERVICE,COMM
97,BEC,บริษัท บีอีซี เวิลด์ จำกัด (มหาชน),SET,SERVICE,MEDIA
98,BEM,บริษัท ทางด่วนและรถไฟฟ้ากรุงเทพ จำกัด (มหาชน),SET,SERVICE,TRANS
99,BEYOND,บริษัท เบาด์ แอนด์ บียอนด์ จำกัด (มหาชน),SET,SERVICE,TOURISM
100,BGC,บริษัท บีจี คอนเทนเนอร์ กล๊าส จำกัด (มหาชน),SET,INDUS,PKG
101,BGRIM,บริษัท บี.กริม เพาเวอร์ จำกัด (มหาชน),SET,RESOURC,ENERG
102,BGT,บริษัท บีจีที คอร์ปอเรชั่น จำกัด (มหาชน),mai,CONSUMP,
103,BH,บริษัท โรงพยาบาลบำรุงราษฎร์ จำกัด (มหาชน),SET,SERVICE,HELTH
104,BIG,บริษัท บิ๊ก คาเมร่า คอร์ปอเรชั่น จำกัด (มหาชน),SET,SERVICE,COMM
105,BIOTEC,บริษัท ไบโอ กรีน เอ็นเนอร์ยี่ เทค จำกัด (มหาชน),SET,RESOURC,ENERG
106,BIS,บริษัท ไบโอซายน์ แอนิมัล เฮลธ์ จำกัด (มหาชน),mai,SERVICE,
107,BIZ,บริษัท บิสซิเนสอะไลเม้นท์ จำกัด (มหาชน),SET,CONSUMP,PERSON
108,BJC,บริษัท เบอร์ลี่ ยุคเกอร์ จำกัด (มหาชน),SET,SERVICE,COMM
109,BJCHI,บริษัท บีเจซี เฮฟวี่ อินดัสทรี จำกัด (มหาชน),SET,PROPCON,CONS
110,BKD,บริษัท บางกอก เดค-คอน จำกัด (มหาชน),SET,PROPCON,CONS
111,BKGI,บริษัท แบงคอกจีโนมิกส์อินโนเวชั่น จำกัด (มหาชน),SET,SERVICE,HELTH
112,BKIH,บริษัท บีเคไอ โฮลดิ้งส์ จำกัด (มหาชน),SET,FINCIAL,INSUR
113,BKKCP,กองทุนรวมอสังหาริมทรัพย์บางกอก,SET,PROPCON,PF&REIT
114,BLA,บริษัท กรุงเทพประกันชีวิต จำกัด (มหาชน),SET,FINCIAL,INSUR
115,BLAND,บริษัท บางกอกแลนด์ จำกัด (มหาชน),SET,PROPCON,PROP
116,BLC,บริษัท บางกอกแล็ป แอนด์ คอสเมติค จำกัด (มหาชน),SET,CONSUMP,PERSON
117,BLESS,บริษัท เบล็ส แอสเสท กรุ๊ป จำกัด (มหาชน),mai,PROPCON,
118,BLISS,บริษัท บลิส อินเทลลิเจนซ์ จำกัด (มหาชน),SET,TECH,ICT
119,BM,บริษัท บางกอกชีทเม็ททัล จำกัด (มหาชน),mai,INDUS,
120,BOFFICE,ทรัสต์เพื่อการลงทุนในสิทธิการเช่าอสังหาริมทรัพย์ภิรัชออฟฟิศ,SET,PROPCON,PF&REIT
121,BOL,บริษัท บิซิเนส ออนไลน์ จำกัด (มหาชน),mai,SERVICE,
122,BPP,บริษัท บ้านปู เพาเวอร์ จำกัด (มหาชน),SET,RESOURC,ENERG
123,BPS,บริษัท บีพีเอส เทคโนโลยี จำกัด (มหาชน),mai,INDUS,
124,BR,บริษัท บางกอกแร้นช์ จำกัด (มหาชน),SET,AGRO,FOOD
125,BRI,บริษัท บริทาเนีย จำกัด (มหาชน),SET,PROPCON,PROP
126,BROCK,บริษัท บ้านร็อคการ์เด้น จำกัด (มหาชน),SET,PROPCON,PROP
127,BRR,บริษัท น้ำตาลบุรีรัมย์ จำกัด (มหาชน),SET,AGRO,FOOD
128,BSBM,บริษัท บางสะพานบาร์มิล จำกัด (มหาชน),SET,INDUS,STEEL
129,BSM,บริษัท บิวเดอสมาร์ท จำกัด (มหาชน),mai,PROPCON,
130,BSRC,บริษัท บางจาก ศรีราชา จำกัด (มหาชน),SET,RESOURC,ENERG
131,BTC,บริษัท บรุ๊คเคอร์ กรุ๊ป จำกัด (มหาชน),mai,FINCIAL,
132,BTG,บริษัท เบทาโกร จำกัด (มหาชน),SET,AGRO,FOOD
133,BTNC,บริษัท บูติคนิวซิตี้ จำกัด (มหาชน),SET,CONSUMP,FASHION
134,BTS,บริษัท บีทีเอส กรุ๊ป โฮลดิ้งส์ จำกัด (มหาชน),SET,SERVICE,TRANS
135,BTW,บริษัท บีที เวลธ์ อินดัสตรีส์ จำกัด (มหาชน),mai,PROPCON,
136,BUI,บริษัท บางกอกสหประกันภัย จำกัด (มหาชน),SET,FINCIAL,INSUR
137,BVG,บริษัท บลูเวนเจอร์ กรุ๊ป จำกัด (มหาชน),mai,TECH,
138,BWG,บริษัท เบตเตอร์ เวิลด์ กรีน จำกัด (มหาชน),SET,SERVICE,PROF
139,B-WORK,ทรัสต์เพื่อการลงทุนในสิทธิการเช่าอสังหาริมทรัพย์บัวหลวง ออฟฟิศ,SET,PROPCON,PF&REIT
140,BYD,บริษัทหลักทรัพย์ บียอนด์ จำกัด (มหาชน),SET,FINCIAL,FIN
141,CAZ,บริษัท ซี เอ แซด (ประเทศไทย) จำกัด (มหาชน),mai,PROPCON,
142,CBG,บริษัท คาราบาวกรุ๊ป จำกัด (มหาชน),SET,AGRO,FOOD
143,CCET,บริษัท แคล-คอมพ์ อีเล็คโทรนิคส์ (ประเทศไทย) จำกัด (มหาชน),SET,TECH,ETRON
144,CCP,บริษัท ผลิตภัณฑ์คอนกรีตชลบุรี จำกัด (มหาชน),SET,PROPCON,CONMAT
145,CEN,บริษัท แคปปิทอล เอ็นจิเนียริ่ง เน็ตเวิร์ค จำกัด (มหาชน),SET,INDUS,STEEL
146,CENTEL,บริษัท โรงแรมเซ็นทรัลพลาซา จำกัด (มหาชน),SET,SERVICE,TOURISM
147,CEYE,บริษัท ตาชำนิ จำกัด (มหาชน),mai,SERVICE,
148,CFARM,บริษัท ชูวิทย์ฟาร์ม (2019) จำกัด (มหาชน),mai,AGRO,
149,CFRESH,บริษัท ซีเฟรชอินดัสตรี จำกัด (มหาชน),SET,AGRO,FOOD
150,CGD,บริษัท คันทรี่ กรุ๊ป ดีเวลลอปเมนท์ จำกัด (มหาชน),SET,PROPCON,PROP
151,CGH,บริษัท คันทรี่ กรุ๊ป โฮลดิ้งส์ จำกัด (มหาชน),SET,FINCIAL,FIN
152,CH,บริษัท เจริญอุตสาหกรรม จำกัด (มหาชน),SET,AGRO,FOOD
153,CHAO,บริษัท เจ้าสัว ฟู้ดส์ อินดัสทรี จำกัด (มหาชน),SET,AGRO,FOOD
154,CHARAN,บริษัท จรัญประกันภัย จำกัด (มหาชน),SET,FINCIAL,INSUR
155,CHASE,บริษัท เชฎฐ์ เอเชีย จำกัด (มหาชน),SET,FINCIAL,FIN
156,CHAYO,บริษัท ชโย กรุ๊ป จำกัด (มหาชน),SET,FINCIAL,FIN
157,CHEWA,บริษัท ชีวาทัย จำกัด (มหาชน),mai,PROPCON,
158,CHG,บริษัท โรงพยาบาลจุฬารัตน์ จำกัด (มหาชน),SET,SERVICE,HELTH
159,CHIC,บริษัท ชิค รีพับบลิค จำกัด (มหาชน),mai,SERVICE,
160,CHO,บริษัท ช ทวี จำกัด (มหาชน),mai,INDUS,
161,CHOTI,บริษัท ห้องเย็นโชติวัฒน์หาดใหญ่ จำกัด (มหาชน),SET,AGRO,FOOD
162,CHOW,บริษัท เชาว์ สตีล อินดัสทรี้ จำกัด (มหาชน),mai,INDUS,
163,CI,บริษัท ชาญอิสสระ ดีเวล็อปเมนท์ จำกัด (มหาชน),SET,PROPCON,PROP
164,CIG,บริษัท ซี.ไอ.กรุ๊ป จำกัด (มหาชน),mai,INDUS,
165,CIMBT,ธนาคาร ซีไอเอ็มบี ไทย จำกัด (มหาชน),SET,FINCIAL,BANK
166,CITY,บริษัท ซิตี้ สตีล จำกัด (มหาชน),SET,INDUS,STEEL
167,CIVIL,บริษัท ซีวิลเอนจีเนียริง จำกัด (มหาชน),SET,PROPCON,CONS
168,CK,บริษัท ช.การช่าง จำกัด (มหาชน),SET,PROPCON,CONS
169,CKP,บริษัท ซีเค พาวเวอร์ จำกัด (มหาชน),SET,RESOURC,ENERG
170,CM,บริษัท เชียงใหม่โฟรเซ่นฟู้ดส์ จำกัด(มหาชน),SET,AGRO,FOOD
171,CMAN,บริษัท เคมีแมน จำกัด (มหาชน),SET,INDUS,PETRO
172,CMC,บริษัท เจ้าพระยามหานคร จำกัด (มหาชน),SET,PROPCON,PROP
173,CMO,บริษัท ซีเอ็มโอ จำกัด (มหาชน),mai,SERVICE,
174,CMR,บริษัท เชียงใหม่รามธุรกิจการแพทย์ จำกัด (มหาชน),SET,SERVICE,HELTH
175,CNT,บริษัท คริสเตียนีและนีลเส็น (ไทย) จำกัด (มหาชน),SET,PROPCON,CONS
176,COCOCO,บริษัท ไทย โคโคนัท จำกัด (มหาชน),SET,AGRO,FOOD
177,COLOR,บริษัท สาลี่ คัลเล่อร์ จำกัด (มหาชน),mai,INDUS,
178,COM7,บริษัท คอมเซเว่น จำกัด (มหาชน),SET,SERVICE,COMM
179,COMAN,บริษัท โคแมนชี่ อินเตอร์เนชั่นแนล จำกัด (มหาชน),mai,TECH,
180,CPALL,บริษัท ซีพี ออลล์ จำกัด (มหาชน),SET,SERVICE,COMM
181,CPANEL,บริษัท ซีแพนเนล จำกัด (มหาชน),mai,PROPCON,
182,CPAXT,บริษัท ซีพี แอ็กซ์ตร้า จำกัด (มหาชน),SET,SERVICE,COMM
183,CPF,บริษัท เจริญโภคภัณฑ์อาหาร จำกัด (มหาชน),SET,AGRO,FOOD
184,CPH,บริษัท คาสเซ่อร์พีคโฮลดิ้งส์ จำกัด (มหาชน),SET,CONSUMP,FASHION
185,CPI,บริษัท ชุมพรอุตสาหกรรมน้ำมันปาล์ม จำกัด (มหาชน),SET,AGRO,FOOD
186,CPL,บริษัท ซีพีแอล กรุ๊ป จำกัด (มหาชน),SET,CONSUMP,FASHION
187,CPN,บริษัท เซ็นทรัลพัฒนา จำกัด (มหาชน),SET,PROPCON,PROP
188,CPNCG,กองทุนรวมสิทธิการเช่าอสังหาริมทรัพย์ CPN คอมเมอร์เชียล โกรท,SET,PROPCON,PF&REIT
189,CPNREIT,ทรัสต์เพื่อการลงทุนในสิทธิการเช่าอสังหาริมทรัพย์ CPN รีเทล โกรท,SET,PROPCON,PF&REIT
190,CPR,บริษัท ซีพีอาร์ โกมุ อินดัสเตรียล จำกัด (มหาชน),mai,INDUS,
191,CPT,บริษัท ซีพีที ไดร์ แอนด์ เพาเวอร์ จำกัด (มหาชน),SET,INDUS,IMM
192,CPTGF,กองทุนรวมสิทธิการเช่าอสังหาริมทรัพย์ ซี.พี.ทาวเวอร์ โกรท,SET,PROPCON,PF&REIT
193,CPW,บริษัท คอปเปอร์ ไวร์ด จำกัด (มหาชน),SET,SERVICE,COMM
194,CRANE,บริษัท ชูไก จำกัด (มหาชน),SET,INDUS,IMM
195,CRC,บริษัท เซ็นทรัล รีเทล คอร์ปอเรชั่น จำกัด (มหาชน),SET,SERVICE,COMM
196,CRD,บริษัท เชียงใหม่ริมดอย จำกัด (มหาชน),mai,PROPCON,
197,CREDIT,ธนาคารไทยเครดิต จำกัด (มหาชน),SET,FINCIAL,BANK
198,CSC,บริษัท ฝาจีบ จำกัด (มหาชน),SET,INDUS,PKG
199,CSP,บริษัท ซีเอสพี สตีลเซ็นเตอร์ จำกัด (มหาชน),SET,INDUS,STEEL
200,CSR,บริษัท เทพธานีกรีฑา จำกัด (มหาชน),SET,SERVICE,TOURISM
201,CSS,บริษัท คอมมิวนิเคชั่น แอนด์ ซิสเต็มส์ โซลูชั่น จำกัด (มหาชน),SET,SERVICE,COMM
202,CTARAF,กองทุนรวมสิทธิการเช่าอสังหาริมทรัพย์โรงแรมและรีสอร์ทในเครือฯ,SET,PROPCON,PF&REIT
203,CTW,บริษัท จรุงไทยไวร์แอนด์เคเบิ้ล จำกัด (มหาชน),SET,INDUS,IMM
204,CV,บริษัท โคลเวอร์ เพาเวอร์ จำกัด (มหาชน),SET,RESOURC,ENERG
205,CWT,บริษัท ชัยวัฒนา แทนเนอรี่ กรุ๊ป จำกัด (มหาชน),SET,INDUS,AUTO
206,D,บริษัท เดนทัล คอร์ปอเรชั่น จำกัด (มหาชน),mai,SERVICE,
207,DCC,บริษัท ไดนาสตี้เซรามิค จำกัด (มหาชน),SET,PROPCON,CONMAT
208,DCON,บริษัท ดีคอนโปรดักส์ จำกัด (มหาชน),SET,PROPCON,CONMAT
209,DDD,บริษัท ดู เดย์ ดรีม จำกัด (มหาชน),SET,CONSUMP,PERSON
210,DELTA,บริษัทเดลต้า อีเลคโทรนิคส์ (ประเทศไทย) จำกัด (มหาชน),SET,TECH,ETRON
211,DEMCO,บริษัท เด็มโก้ จำกัด (มหาชน),SET,RESOURC,ENERG
212,DEXON,บริษัท เด็กซ์ซอน เทคโนโลยี จำกัด (มหาชน),mai,SERVICE,
213,DHOUSE,บริษัท ดีเฮ้าส์พัฒนา จำกัด (มหาชน),mai,PROPCON,
214,DIMET,บริษัท ไดเมท (สยาม) จำกัด (มหาชน),mai,PROPCON,
215,DITTO,บริษัท ดิทโต้ (ประเทศไทย) จำกัด (มหาชน),SET,TECH,ICT
216,DMT,บริษัท ทางยกระดับดอนเมือง จำกัด (มหาชน),SET,SERVICE,TRANS
217,DOD,บริษัท ดีโอดี ไบโอเทค จำกัด (มหาชน),mai,CONSUMP,
218,DOHOME,บริษัท ดูโฮม จำกัด (มหาชน),SET,SERVICE,COMM
219,DPAINT,บริษัท สีเดลต้า จำกัด (มหาชน),mai,PROPCON,
220,DREIT,ทรัสต์เพื่อการลงทุนในอสังหาริมทรัพย์และสิทธิการเช่าดุสิตธานี,SET,PROPCON,PF&REIT
221,DRT,บริษัท ผลิตภัณฑ์ตราเพชร จำกัด (มหาชน),SET,PROPCON,CONMAT
222,DTCENT,บริษัท ดี.ที.ซี. เอ็นเตอร์ไพรส์ จำกัด (มหาชน),SET,TECH,ICT
223,DTCI,บริษัท ดี.ที.ซี.อินดัสตรี่ส์ จำกัด (มหาชน),SET,CONSUMP,HOME
224,DUSIT,บริษัท ดุสิตธานี จำกัด (มหาชน),SET,SERVICE,TOURISM
225,DV8,บริษัท ดีวี8 จำกัด (มหาชน),mai,SERVICE,
226,EA,บริษัท พลังงานบริสุทธิ์ จำกัด (มหาชน),SET,RESOURC,ENERG
227,EASON,บริษัท อีซึ่น แอนด์ โค จำกัด (มหาชน),SET,INDUS,AUTO
228,EASTW,บริษัท จัดการและพัฒนาทรัพยากรน้ำภาคตะวันออก จำกัด (มหาชน),SET,RESOURC,ENERG
229,ECF,บริษัท อีสต์โคสท์เฟอร์นิเทค จำกัด (มหาชน),mai,CONSUMP,
230,ECL,บริษัท ตะวันออกพาณิชย์ลีสซิ่ง จำกัด (มหาชน),SET,FINCIAL,FIN
231,EE,บริษัท อีเทอเนิล เอนเนอยี จำกัด (มหาชน),SET,AGRO,AGRI
232,EFORL,บริษัท อี ฟอร์ แอล เอม จำกัด (มหาชน),mai,CONSUMP,
233,EGCO,บริษัท ผลิตไฟฟ้า จำกัด (มหาชน),SET,RESOURC,ENERG
234,EKH,บริษัท เอกชัยการแพทย์ จำกัด (มหาชน),SET,SERVICE,HELTH
235,EMC,บริษัท อีเอ็มซี จำกัด (มหาชน),SET,PROPCON,CONS
236,EP,บริษัท อีสเทอร์น พาวเวอร์ กรุ๊ป จำกัด (มหาชน),SET,RESOURC,ENERG
237,EPG,บริษัท อีสเทิร์นโพลีเมอร์ กรุ๊ป จำกัด (มหาชน),SET,PROPCON,CONMAT
238,ERW,บริษัท ดิ เอราวัณ กรุ๊ป จำกัด (มหาชน),SET,SERVICE,TOURISM
239,ESTAR,บริษัท อีสเทอร์น สตาร์ เรียล เอสเตท จำกัด (มหาชน),SET,PROPCON,PROP
240,ETC,บริษัท เอิร์ธ เท็ค เอนไวรอนเมนท์ จำกัด (มหาชน),SET,RESOURC,ENERG
241,ETE,บริษัท บูรพา เทคนิคอล เอ็นจิเนียริ่ง จำกัด (มหาชน),mai,SERVICE,
242,ETL,บริษัท ยูโรเอเชีย โทเทิล โลจิสติกส์ จำกัด (มหาชน),SET,SERVICE,TRANS
243,EURO,บริษัท ยูโร ครีเอชั่นส์ จำกัด (มหาชน),mai,CONSUMP,
244,EVER,บริษัท เอเวอร์แลนด์ จำกัด (มหาชน),SET,PROPCON,PROP
245,F&D,บริษัท ฟู้ดแอนด์ดริ๊งส์ จำกัด (มหาชน),SET,AGRO,FOOD
246,FANCY,บริษัท แฟนซีวู๊ด อินดัสตรีส จำกัด (มหาชน),SET,CONSUMP,HOME
247,FE,บริษัท ฟาร์อีสท์ เฟมไลน์ ดีดีบี จำกัด (มหาชน),SET,SERVICE,MEDIA
248,FLOYD,บริษัท ฟลอยด์ จำกัด (มหาชน),mai,PROPCON,
249,FM,บริษัท ฟู้ดโมเม้นท์ จำกัด (มหาชน),SET,AGRO,FOOD
250,FMT,บริษัท ไฟน์ เม็ททัล เทคโนโลยีส์ จำกัด (มหาชน),SET,INDUS,IMM
251,FN,บริษัท เอฟเอ็น แฟคตอรี่ เอ๊าท์เลท จำกัด (มหาชน),SET,SERVICE,COMM
252,FNS,บริษัท เอฟเอ็นเอส โฮลดิ้งส์ จำกัด (มหาชน),SET,FINCIAL,FIN
253,FORTH,บริษัท ฟอร์ท คอร์ปอเรชั่น  จำกัด (มหาชน),SET,TECH,ICT
254,FPI,บริษัท ฟอร์จูน พาร์ท อินดัสตรี้ จำกัด (มหาชน),mai,INDUS,
255,FPT,บริษัท เฟรเซอร์ส พร็อพเพอร์ตี้ (ประเทศไทย) จำกัด (มหาชน),SET,PROPCON,PROP
256,FSMART,บริษัท ฟอร์ท สมาร์ท เซอร์วิส จำกัด (มหาชน),mai,SERVICE,
257,FSX,บริษัท ฟินันเซีย เอกซ์ จำกัด (มหาชน),SET,FINCIAL,FIN
258,FTE,บริษัท ไฟร์เทรดเอ็นจิเนียริ่ง จำกัด (มหาชน),SET,INDUS,IMM
259,FTI,บริษัท ฟังก์ชั่น อินเตอร์เนชั่นแนล จำกัด (มหาชน),SET,CONSUMP,HOME
260,FTREIT,ทรัสต์เพื่อการลงทุนในอสังหาริมทรัพย์และสิทธิการเช่าอสังหาริมทรัพย์เพื่ออุตสาหกรรม เฟรเซอร์ส พร็อพเพอร์ตี้,SET,PROPCON,PF&REIT
261,FUTUREPF,กองทุนรวมสิทธิการเช่าอสังหาริมทรัพย์ฟิวเจอร์พาร์ค,SET,PROPCON,PF&REIT
262,FVC,บริษัท ฟิลเตอร์ วิชั่น จำกัด (มหาชน),mai,SERVICE,
263,GABLE,บริษัท จีเอเบิล จำกัด (มหาชน),SET,TECH,ICT
264,GAHREIT,ทรัสต์เพื่อการลงทุนในอสังหาริมทรัพย์ แกรนด์ โฮสพีทาลิตี้,SET,PROPCON,PF&REIT
265,GBX,บริษัท โกลเบล็ก โฮลดิ้ง แมนเนจเม้นท์ จำกัด (มหาชน),SET,FINCIAL,FIN
266,GC,บริษัท โกลบอล คอนเน็คชั่นส์ จำกัด (มหาชน),SET,INDUS,PETRO
267,GCAP,บริษัท จี แคปปิตอล จำกัด (มหาชน),mai,FINCIAL,
268,GEL,บริษัท เจนเนอรัล เอนจิเนียริ่ง จำกัด (มหาชน),SET,PROPCON,CONMAT
269,GENCO,บริษัทบริหารและพัฒนาเพื่อการอนุรักษ์สิ่งแวดล้อม จำกัด(มหาชน),SET,SERVICE,PROF
270,GFC,บริษัท เจเนซีส เฟอร์ทิลีตี เซ็นเตอร์ จำกัด (มหาชน),mai,SERVICE,
271,GFPT,บริษัท จีเอฟพีที จำกัด (มหาชน),SET,AGRO,AGRI
272,GGC,บริษัท โกลบอลกรีนเคมิคอล จำกัด (มหาชน),SET,INDUS,PETRO
273,GIFT,บริษัท กิฟท์ อินฟินิท จำกัด (มหาชน),SET,INDUS,PETRO
274,GJS,บริษัท จี เจ สตีล จำกัด (มหาชน),SET,INDUS,STEEL
275,GL,บริษัท กรุ๊ปลีส จำกัด (มหาชน),SET,FINCIAL,FIN
276,GLAND,บริษัท แกรนด์ คาแนล แลนด์ จำกัด (มหาชน),SET,PROPCON,PROP
277,GLOBAL,บริษัท สยามโกลบอลเฮ้าส์ จำกัด (มหาชน),SET,SERVICE,COMM
278,GLOCON,บริษัท โกลบอล คอนซูเมอร์ จำกัด (มหาชน),SET,AGRO,FOOD
279,GLORY,บริษัท รุ่งเรืองตลอดไป จำกัด (มหาชน),mai,SERVICE,
280,GPI,บริษัท กรังด์ปรีซ์ อินเตอร์เนชั่นแนล จำกัด (มหาชน),SET,SERVICE,MEDIA
281,GPSC,บริษัท โกลบอล เพาเวอร์ ซินเนอร์ยี่ จำกัด (มหาชน),SET,RESOURC,ENERG
282,GRAMMY,บริษัท จีเอ็มเอ็ม แกรมมี่ จำกัด (มหาชน),SET,SERVICE,MEDIA
283,GRAND,บริษัท แกรนด์ แอสเสท โฮเทลส์ แอนด์ พรอพเพอร์ตี้ จำกัด(มหาชน),SET,SERVICE,TOURISM
284,GREEN,บริษัท กรีน รีซอร์สเซส จำกัด (มหาชน),SET,RESOURC,ENERG
285,GROREIT,ทรัสต์เพื่อการลงทุนในอสังหาริมทรัพย์ แกรนด์ รอยัล ออคิด โฮสพีทาลิตี้ ที่มีข้อตกลงในการซื้อคืน,SET,PROPCON,PF&REIT
286,GSC,บริษัท โกลบอล เซอร์วิส เซ็นเตอร์ จำกัด (มหาชน),mai,SERVICE,
287,GSTEEL,บริษัท จี สตีล จำกัด (มหาชน),SET,INDUS,STEEL
288,GTB,บริษัท เจตาแบค จำกัด (มหาชน),mai,INDUS,
289,GTV,บริษัท กรีนเทค เวนเจอร์ส จำกัด (มหาชน),mai,RESOURC,
290,GULF,บริษัท กัลฟ์ เอ็นเนอร์จี ดีเวลลอปเมนท์ จำกัด (มหาชน),SET,RESOURC,ENERG
291,GUNKUL,บริษัท กันกุลเอ็นจิเนียริ่ง จำกัด (มหาชน),SET,RESOURC,ENERG
292,GVREIT,ทรัสต์เพื่อการลงทุนในสิทธิการเช่าอสังหาริมทรัพย์โกลเด้นเวนเจอร์,SET,PROPCON,PF&REIT
293,GYT,บริษัท กู๊ดเยียร์(ประเทศไทย) จำกัด (มหาชน),SET,INDUS,AUTO
294,HANA,บริษัท ฮานา ไมโครอิเล็คโทรนิคส จำกัด (มหาชน),SET,TECH,ETRON
295,HARN,บริษัท หาญ เอ็นจิเนียริ่ง โซลูชั่นส์ จำกัด (มหาชน),mai,INDUS,
296,HEALTH,บริษัท เฮลท์ เอ็มไพร์ คอร์ปอเรชั่น จำกัด (มหาชน),mai,SERVICE,
297,HENG,บริษัท เฮงลิสซิ่ง แอนด์ แคปปิตอล จำกัด (มหาชน),SET,FINCIAL,FIN
298,HFT,บริษัท ฮั้วฟง รับเบอร์ (ไทยแลนด์) จำกัด (มหาชน),SET,INDUS,AUTO
299,HL,บริษัท เฮลท์ลีด จำกัด (มหาชน),mai,SERVICE,
300,HMPRO,บริษัท โฮม โปรดักส์ เซ็นเตอร์ จำกัด (มหาชน),SET,SERVICE,COMM
301,HPF,กองทุนรวมอสังหาริมทรัพย์และสิทธิการเช่าเหมราชอินดัสเตรียล,SET,PROPCON,PF&REIT
302,HPT,บริษัท โฮม พอตเทอรี่ จำกัด (มหาชน),mai,CONSUMP,
303,HTC,บริษัท หาดทิพย์ จำกัด (มหาชน),SET,AGRO,FOOD
304,HTECH,บริษัท แฮลเซี่ยน เทคโนโลยี่ จำกัด (มหาชน),SET,INDUS,IMM
305,HUMAN,บริษัท ฮิวแมนิก้า จำกัด (มหาชน),SET,TECH,ICT
306,HYDRO,บริษัท ไฮโดรเท็ค จำกัด (มหาชน),mai,PROPCON,
307,HYDROGEN,ทรัสต์เพื่อการลงทุนในอสังหาริมทรัพย์และสิทธิการเช่าไฮโดรเจน,SET,PROPCON,PF&REIT
308,I2,บริษัท ไอ ทู เอ็นเตอร์ไพรซ์ จำกัด (มหาชน),mai,TECH,
309,ICC,บริษัท ไอ.ซี.ซี. อินเตอร์เนชั่นแนล จำกัด (มหาชน),SET,SERVICE,COMM
310,ICHI,บริษัท อิชิตัน กรุ๊ป จำกัด (มหาชน),SET,AGRO,FOOD
311,ICN,บริษัท อินฟอร์เมชั่น แอนด์ คอมมิวนิเคชั่น เน็ทเวิร์คส จำกัด (มหาชน),SET,TECH,ICT
312,IFS,บริษัท ไอเอฟเอส แคปปิตอล (ประเทศไทย) จำกัด (มหาชน),SET,FINCIAL,FIN
313,IHL,บริษัท อินเตอร์ไฮด์ จำกัด (มหาชน),SET,INDUS,AUTO
314,IIG,บริษัท ไอแอนด์ไอ กรุ๊ป จำกัด (มหาชน),mai,TECH,
315,III,บริษัท ทริพเพิล ไอ โลจิสติกส์ จำกัด (มหาชน),SET,SERVICE,TRANS
316,ILINK,บริษัท อินเตอร์ลิ้งค์ คอมมิวนิเคชั่น จำกัด (มหาชน),SET,TECH,ICT
317,ILM,บริษัท อินเด็กซ์ ลิฟวิ่งมอลล์ จำกัด (มหาชน),SET,SERVICE,COMM
318,IMH,บริษัท โรงพยาบาลอินเตอร์เมดิคัล แคร์ แอนด์ แล็บ จำกัด (มหาชน),mai,SERVICE,
319,IMPACT,ทรัสต์เพื่อการลงทุนในอสังหาริมทรัพย์อิมแพ็คโกรท,SET,PROPCON,PF&REIT
320,IND,บริษัท อินเด็กซ์ อินเตอร์เนชั่นแนล กรุ๊ป จำกัด (มหาชน),mai,PROPCON,
321,INET,บริษัท อินเทอร์เน็ตประเทศไทย จำกัด (มหาชน),SET,TECH,ICT
322,INETREIT,ทรัสต์เพื่อการลงทุนในอสังหาริมทรัพย์และสิทธิการเช่าอสังหาริมทรัพย์ไอเน็ต,SET,PROPCON,PF&REIT
323,INGRS,บริษัท อิงเกรส อินดัสเตรียล (ไทยแลนด์) จำกัด (มหาชน),SET,INDUS,AUTO
324,INOX,บริษัท โพสโค-ไทยน๊อคซ์ จำกัด (มหาชน),SET,INDUS,STEEL
325,INSET,บริษัท อินฟราเซท จำกัด (มหาชน),SET,TECH,ICT
326,INSURE,บริษัท อินทรประกันภัย จำกัด (มหาชน),SET,FINCIAL,INSUR
327,INTUCH,บริษัท อินทัช โฮลดิ้งส์ จำกัด (มหาชน),SET,TECH,ICT
328,IP,บริษัท อินเตอร์ ฟาร์มา จำกัด (มหาชน),SET,CONSUMP,PERSON
329,IRC,บริษัท อีโนเว รับเบอร์ (ประเทศไทย) จำกัด (มหาชน),SET,INDUS,AUTO
330,IRCP,บริษัท อินเตอร์เนชั่นแนล รีเสริช คอร์ปอเรชั่น จำกัด (มหาชน),mai,TECH,
331,IRPC,บริษัท ไออาร์พีซี จำกัด (มหาชน),SET,RESOURC,ENERG
332,IT,บริษัท ไอที ซิตี้ จำกัด (มหาชน),SET,SERVICE,COMM
333,ITC,บริษัท ไอ-เทล คอร์ปอเรชั่น จำกัด (มหาชน),SET,AGRO,FOOD
334,ITD,บริษัท อิตาเลียนไทย ดีเวล๊อปเมนต์ จำกัด (มหาชน),SET,PROPCON,CONS
335,ITEL,บริษัท อินเตอร์ลิ้งค์ เทเลคอม จำกัด (มหาชน),SET,TECH,ICT
336,ITNS,บริษัท อินเตอร์เนชั่นแนล เน็ตเวิร์ค ซิสเต็ม จำกัด (มหาชน),mai,TECH,
337,ITTHI,บริษัท อิทธิฤทธิ์ ไนซ์ คอร์ปอเรชั่น จำกัด (มหาชน),mai,CONSUMP,
338,IVL,บริษัท อินโดรามา เวนเจอร์ส จำกัด (มหาชน),SET,INDUS,PETRO
339,J,บริษัท เจเอเอส แอสเซ็ท จำกัด (มหาชน),SET,PROPCON,PROP
340,JAK,บริษัท จักรไพศาล เอสเตท จำกัด (มหาชน),mai,PROPCON,
341,JAS,บริษัท จัสมิน อินเตอร์เนชั่นแนล จำกัด (มหาชน),SET,TECH,ICT
342,JCK,บริษัท เจซีเค อินเตอร์เนชั่นแนล จำกัด (มหาชน),SET,PROPCON,PROP
343,JCKH,บริษัท เจซีเค ฮอสพิทอลลิตี้ จำกัด (มหาชน),mai,AGRO,
344,JCT,บริษัท แจ๊กเจียอุตสาหกรรม (ไทย) จำกัด (มหาชน),SET,CONSUMP,PERSON
345,JDF,บริษัท เจดีฟู้ด จำกัด (มหาชน),SET,AGRO,FOOD
346,JKN,บริษัท เจเคเอ็น โกลบอล กรุ๊ป จำกัด (มหาชน),SET,SERVICE,MEDIA
347,JMART,บริษัท เจมาร์ท กรุ๊ป โฮลดิ้งส์ จำกัด (มหาชน),SET,TECH,ICT
348,JMT,บริษัท เจ เอ็ม ที เน็ทเวอร์ค เซอร์วิสเซ็ส จำกัด (มหาชน),SET,FINCIAL,FIN
349,JPARK,บริษัท เจนก้องไกล จำกัด (มหาชน),mai,SERVICE,
350,JR,บริษัท เจ.อาร์.ดับเบิ้ลยู. ยูทิลิตี้ จำกัด (มหาชน),SET,PROPCON,CONS
351,JSP,บริษัท โรงงานเภสัชอุตสาหกรรม เจเอสพี (ประเทศไทย) จำกัด (มหาชน),mai,CONSUMP,
352,JTS,บริษัท จัสมิน เทคโนโลยี โซลูชั่น จำกัด (มหาชน),SET,TECH,ICT
353,JUBILE,บริษัท ยูบิลลี่ เอ็นเตอร์ไพรส์ จำกัด (มหาชน),mai,CONSUMP,
354,K,บริษัท คิงส์เมน ซี.เอ็ม.ที.ไอ. จำกัด (มหาชน),mai,PROPCON,
355,KAMART,บริษัท คาร์มาร์ท จำกัด (มหาชน),SET,SERVICE,COMM
356,KASET,บริษัท ไทยฮา จำกัด (มหาชน),mai,AGRO,
357,KBANK,ธนาคารกสิกรไทย จำกัด (มหาชน),SET,FINCIAL,BANK
358,KBS,บริษัท น้ำตาลครบุรี จำกัด (มหาชน),SET,AGRO,FOOD
359,KC,บริษัท เค.ซี. พร็อพเพอร์ตี้ จำกัด (มหาชน),SET,PROPCON,PROP
360,KCAR,บริษัท กรุงไทยคาร์เร้นท์ แอนด์ ลีส จำกัด (มหาชน),SET,FINCIAL,FIN
361,KCC,บริษัท ไนท คลับ แคปปิตอล โฮลดิ้ง จำกัด (มหาชน),mai,FINCIAL,
362,KCE,บริษัท เคซีอี อีเลคโทรนิคส์ จำกัด (มหาชน),SET,TECH,ETRON
363,KCG,บริษัท เคซีจี คอร์ปอเรชั่น จำกัด (มหาชน),SET,AGRO,FOOD
364,KCM,บริษัท เค.ซี.เมททอลชีท จำกัด (มหาชน),mai,INDUS,
365,KDH,บริษัท ธนบุรี เมดิเคิล เซ็นเตอร์ จำกัด (มหาชน),SET,SERVICE,HELTH
366,KEX,บริษัท เคอีเอ็กซ์ เอ็กซ์เพรส (ประเทศไทย) จำกัด (มหาชน),SET,SERVICE,TRANS
367,KGEN,บริษัท คิง เจน จำกัด (มหาชน),mai,SERVICE,
368,KGI,บริษัทหลักทรัพย์ เคจีไอ (ประเทศไทย) จำกัด (มหาชน),SET,FINCIAL,FIN
369,KIAT,บริษัท เกียรติธนา ขนส่ง จำกัด (มหาชน),SET,SERVICE,TRANS
370,KISS,บริษัท โรจูคิส อินเตอร์เนชั่นแนล จำกัด (มหาชน),SET,CONSUMP,PERSON
371,KJL,บริษัท กิจเจริญ เอ็นจิเนียริ่ง อีเลคทริค จำกัด (มหาชน),mai,INDUS,
372,KK,บริษัท เคแอนด์เค ซุปเปอร์สโตร์ เซาท์เทิร์น จำกัด (มหาชน),mai,SERVICE,
373,KKC,บริษัท กุลธรเคอร์บี้ จำกัด (มหาชน),SET,INDUS,IMM
374,KKP,ธนาคารเกียรตินาคินภัทร จำกัด (มหาชน),SET,FINCIAL,BANK
375,KLINIQ,บริษัท เดอะคลีนิกค์ คลินิกเวชกรรม จำกัด (มหาชน),mai,SERVICE,
376,KOOL,บริษัท ซีแอล เวนเจอร์ จำกัด (มหาชน),mai,SERVICE,
377,KPNPF,กองทุนรวมอสังหาริมทรัพย์เคพีเอ็น,SET,PROPCON,PF&REIT
378,KSL,บริษัท น้ำตาลขอนแก่น จำกัด (มหาชน),SET,AGRO,FOOD
379,KTB,ธนาคารกรุงไทย จำกัด (มหาชน),SET,FINCIAL,BANK
380,KTBSTMR,ทรัสต์เพื่อการลงทุนในอสังหาริมทรัพย์และสิทธิการเช่าอสังหาริมทรัพย์ เคทีบีเอสที มิกซ์,SET,PROPCON,PF&REIT
381,KTC,บริษัท บัตรกรุงไทย จำกัด (มหาชน),SET,FINCIAL,FIN
382,KTIS,บริษัท เกษตรไทย อินเตอร์เนชั่นแนล ชูการ์ คอร์ปอเรชั่น จำกัด (มหาชน),SET,AGRO,FOOD
383,KTMS,บริษัท เคที เมดิคอล เซอร์วิส จำกัด (มหาชน),mai,SERVICE,
384,KUMWEL,บริษัท คัมเวล คอร์ปอเรชั่น จำกัด (มหาชน),mai,INDUS,
385,KUN,บริษัท วิลล่า คุณาลัย จำกัด (มหาชน),SET,PROPCON,PROP
386,KWC,บริษัท กรุงเทพโสภณ จำกัด (มหาชน),SET,SERVICE,TRANS
387,KWI,บริษัท เคดับบลิวไอ จำกัด (มหาชน),SET,FINCIAL,INSUR
388,KWM,บริษัท เค. ดับบลิว. เม็ททัล เวิร์ค จำกัด (มหาชน),mai,INDUS,
389,KYE,บริษัท กันยงอีเลคทริก จำกัด (มหาชน),SET,CONSUMP,HOME
390,L&E,บริษัท ไลท์ติ้ง แอนด์ อีควิปเมนท์ จำกัด (มหาชน),SET,CONSUMP,HOME
391,LALIN,บริษัท ลลิล พร็อพเพอร์ตี้ จำกัด (มหาชน),SET,PROPCON,PROP
392,LANNA,บริษัท ลานนารีซอร์สเซส จำกัด (มหาชน),SET,RESOURC,ENERG
393,LDC,บริษัท แอลดีซี เด็นทัล จำกัด (มหาชน),mai,SERVICE,
394,LEE,บริษัท ลีพัฒนาผลิตภัณฑ์ จำกัด (มหาชน),SET,AGRO,AGRI
395,LEO,บริษัท ลีโอ โกลบอล โลจิสติกส์ จำกัด (มหาชน),mai,SERVICE,
396,LH,บริษัทแลนด์แอนด์เฮ้าส์ จำกัด (มหาชน),SET,PROPCON,PROP
397,LHFG,บริษัท แอล เอช ไฟแนนซ์เชียล กรุ๊ป จำกัด (มหาชน),SET,FINCIAL,BANK
398,LHHOTEL,ทรัสต์เพื่อการลงทุนในสิทธิการเช่าอสังหาริมทรัพย์ แอล เอช โฮเทล,SET,PROPCON,PF&REIT
399,LHK,บริษัท โลหะกิจ เม็ททอล จำกัด (มหาชน),SET,INDUS,STEEL
400,LHPF,กองทุนรวมอสังหาริมทรัพย์และสิทธิการเช่า แลนด์ แอนด์ เฮ้าส์,SET,PROPCON,PF&REIT
401,LHSC,ทรัสต์เพื่อการลงทุนในสิทธิการเช่าอสังหาริมทรัพย์ แอล เอช ช้อปปิ้ง เซ็นเตอร์,SET,PROPCON,PF&REIT
402,LIT,บริษัท ลีซ อิท จำกัด (มหาชน),mai,FINCIAL,
403,LOXLEY,บริษัท ล็อกซเล่ย์ จำกัด (มหาชน),SET,SERVICE,COMM
404,LPF,กองทุนรวมอสังหาริมทรัพย์และสิทธิการเช่าโลตัสส์ รีเทล โกรท,SET,PROPCON,PF&REIT
405,LPH,บริษัท โรงพยาบาล ลาดพร้าว จำกัด (มหาชน),SET,SERVICE,HELTH
406,LPN,บริษัท แอล.พี.เอ็น.ดีเวลลอปเมนท์ จำกัด (มหาชน),SET,PROPCON,PROP
407,LRH,บริษัท ลากูน่า รีสอร์ท แอนด์ โฮเท็ล จำกัด (มหาชน),SET,SERVICE,TOURISM
408,LST,บริษัท ล่ำสูง (ประเทศไทย) จำกัด (มหาชน),SET,AGRO,FOOD
409,LTS,บริษัท ไลท์อัพ โทเทิล โซลูชั่น จำกัด (มหาชน),mai,CONSUMP,
410,LUXF,กองทุนรวมอสังหาริมทรัพย์ลักซ์ชัวรี่,SET,PROPCON,PF&REIT
411,M,บริษัท เอ็มเค เรสโตรองต์ กรุ๊ป จำกัด (มหาชน),SET,AGRO,FOOD
412,MAGURO,บริษัท มากุโระ กรุ๊ป จำกัด (มหาชน),mai,AGRO,
413,MAJOR,บริษัท เมเจอร์ ซีนีเพล็กซ์ กรุ้ป จำกัด (มหาชน),SET,SERVICE,MEDIA
414,MALEE,บริษัท มาลีกรุ๊ป จำกัด (มหาชน),SET,AGRO,FOOD
415,MANRIN,บริษัท แมนดารินโฮเต็ล จำกัด (มหาชน),SET,SERVICE,TOURISM
416,MASTER,บริษัท มาสเตอร์ สไตล์ จำกัด (มหาชน),mai,SERVICE,
417,MATCH,บริษัท แม็ทชิ่ง แม็กซิไมซ์ โซลูชั่น จำกัด (มหาชน),SET,SERVICE,MEDIA
418,MATI,บริษัท มติชน จำกัด (มหาชน),SET,SERVICE,MEDIA
419,MBAX,บริษัท มัลติแบกซ์ จำกัด (มหาชน),mai,INDUS,
420,MBK,บริษัท เอ็ม บี เค จำกัด (มหาชน),SET,PROPCON,PROP
421,MC,บริษัท แม็คกรุ๊ป จำกัด (มหาชน),SET,SERVICE,COMM
422,MCA,บริษัท มาร์เก็ต คอนเน็กชั่นส์ เอเชีย จำกัด (มหาชน),mai,SERVICE,
423,M-CHAI,บริษัท โรงพยาบาลมหาชัย จำกัด (มหาชน),SET,SERVICE,HELTH
424,MCOT,บริษัท อสมท จำกัด (มหาชน),SET,SERVICE,MEDIA
425,MCS,บริษัท เอ็ม.ซี.เอส.สตีล จำกัด (มหาชน),SET,INDUS,STEEL
426,MDX,บริษัท เอ็ม ดี เอ็กซ์ จำกัด (มหาชน),SET,RESOURC,ENERG
427,MEB,บริษัท เมพ คอร์ปอเรชั่น จำกัด (มหาชน),mai,SERVICE,
428,MEGA,บริษัท เมก้า ไลฟ์ไซแอ็นซ์ จำกัด (มหาชน),SET,SERVICE,COMM
429,MENA,บริษัท มีนาทรานสปอร์ต จำกัด (มหาชน),SET,SERVICE,TRANS
430,META,บริษัท เมตะ คอร์ปอเรชั่น จำกัด (มหาชน),mai,PROPCON,
431,METCO,บริษัทมูราโมโต้ อีเล็คตรอน (ประเทศไทย) จำกัด (มหาชน),SET,TECH,ETRON
432,MFC,บริษัทหลักทรัพย์จัดการกองทุน เอ็มเอฟซี จำกัด(มหาชน),SET,FINCIAL,FIN
433,MFEC,บริษัท เอ็ม เอฟ อี ซี จำกัด (มหาชน),SET,TECH,ICT
434,MGC,บริษัท มิลเลนเนียม กรุ๊ป คอร์ปอเรชั่น (เอเชีย) จำกัด (มหาชน),SET,INDUS,AUTO
435,MGI,บริษัท มิสแกรนด์ อินเตอร์เนชั่นแนล จำกัด (มหาชน),mai,CONSUMP,
436,MGT,บริษัท เมกาเคม (ประเทศไทย) จำกัด (มหาชน),mai,INDUS,
437,MICRO,บริษัท ไมโครลิสซิ่ง จำกัด (มหาชน),SET,FINCIAL,FIN
438,MIDA,บริษัท ไมด้า แอสเซ็ท จำกัด (มหาชน),SET,SERVICE,COMM
439,M-II,กองทุนรวมอสังหาริมทรัพย์ และสิทธิการเช่า เอ็มเอฟซี อินดัสเตรียล อินเวสเมนท์,SET,PROPCON,PF&REIT
440,MILL,บริษัท มิลล์คอน สตีล จำกัด (มหาชน),SET,INDUS,STEEL
441,MINT,บริษัท ไมเนอร์ อินเตอร์เนชั่นแนล จำกัด (มหาชน),SET,SERVICE,TOURISM
442,MIPF,กองทุนรวมอสังหาริมทรัพย์มิลเลียนแนร์,SET,PROPCON,PF&REIT
443,MIT,ทรัสต์เพื่อการลงทุนในอสังหาริมทรัพย์เอ็มเอฟซีอินดัสเตรียล,SET,PROPCON,PF&REIT
444,MITSIB,บริษัท มิตรสิบ ลิสซิ่ง จำกัด (มหาชน),mai,FINCIAL,
445,MJD,บริษัท เมเจอร์ ดีเวลลอปเม้นท์ จำกัด (มหาชน),SET,PROPCON,PROP
446,MJLF,กองทุนรวมสิทธิการเช่าอสังหาฯ เมเจอร์ ซีนีเพล็กซ์ ไลฟ์สไตส์,SET,PROPCON,PF&REIT
447,MK,บริษัท มั่นคงเคหะการ จำกัด (มหาชน),SET,PROPCON,PROP
448,ML,บริษัท ไมด้า ลิสซิ่ง จำกัด (มหาชน),SET,FINCIAL,FIN
449,MNIT,กองทุนรวมอสังหาริมทรัพย์เอ็มเอฟซี-นิชดาธานี,SET,PROPCON,PF&REIT
450,MNIT2,กองทุนรวมอสังหาริมทรัพย์นิชดาธานี 2,SET,PROPCON,PF&REIT
451,MNRF,กองทุนรวมอสังหาริมทรัพย์มัลติเนชั่นแนลเรสซิเดนซ์ฟันด์,SET,PROPCON,PF&REIT
452,MODERN,บริษัท โมเดอร์นฟอร์มกรุ๊ป จำกัด (มหาชน),SET,CONSUMP,HOME
453,MONO,บริษัท โมโน เน็กซ์ จำกัด (มหาชน),SET,SERVICE,MEDIA
454,MOONG,บริษัท มุ่งพัฒนา อินเตอร์แนชชั่นแนล จำกัด (มหาชน),mai,CONSUMP,
455,MORE,บริษัท มอร์ รีเทิร์น จำกัด (มหาชน),mai,SERVICE,
456,MOSHI,บริษัท โมชิ โมชิ รีเทล คอร์ปอเรชั่น จำกัด (มหาชน),SET,SERVICE,COMM
457,M-PAT,กองทุนรวมอสังหาริมทรัพย์เอ็มเอฟซี ป่าตอง เฮอริเทจ,SET,PROPCON,PF&REIT
458,MSC,บริษัท เมโทรซิสเต็มส์คอร์ปอเรชั่น จำกัด (มหาชน),SET,TECH,ICT
459,MST,บริษัทหลักทรัพย์ เมย์แบงก์ (ประเทศไทย) จำกัด (มหาชน),SET,FINCIAL,FIN
460,M-STOR,กองทุนรวมอสังหาริมทรัพย์เอ็มเอฟซี-สแตรทิจิกสโตเรจฟันด์,SET,PROPCON,PF&REIT
461,MTC,บริษัท เมืองไทย แคปปิตอล จำกัด (มหาชน),SET,FINCIAL,FIN
462,MTI,บริษัท เมืองไทยประกันภัย จำกัด (มหาชน),SET,FINCIAL,INSUR
463,MTW,บริษัท เมคทูวิน โฮลดิ้ง จำกัด (มหาชน),mai,INDUS,
464,MUD,บริษัท มัด แอนด์ ฮาวด์ จำกัด (มหาชน),mai,AGRO,
465,MVP,บริษัท เอ็ม วิชั่น จำกัด (มหาชน),mai,SERVICE,
466,NAM,บริษัท นำวิวัฒน์ เมดิคอล คอร์ปอเรชั่น จำกัด (มหาชน),SET,CONSUMP,PERSON
467,NAT,บริษัท แนท แอบโซลูท เทคโนโลยีส์ จำกัด (มหาชน),mai,TECH,
468,NATION,บริษัท เนชั่น กรุ๊ป (ไทยแลนด์) จำกัด (มหาชน),SET,SERVICE,MEDIA
469,NC,บริษัท นิวซิตี้ (กรุงเทพฯ) จำกัด (มหาชน),SET,CONSUMP,FASHION
470,NCAP,บริษัท เน็คซ์ แคปปิตอล จำกัด (มหาชน),SET,FINCIAL,FIN
471,NCH,บริษัท เอ็น. ซี. เฮ้าส์ซิ่ง จำกัด (มหาชน),SET,PROPCON,PROP
472,NCL,บริษัท เอ็นซีแอล อินเตอร์เนชั่นแนล โลจิสติกส์ จำกัด (มหาชน),mai,SERVICE,
473,NCP,บริษัท ไนซ์ คอล จำกัด (มหาชน),mai,SERVICE,
474,NDR,บริษัท เอ็น.ดี.รับเบอร์ จำกัด (มหาชน),mai,INDUS,
475,NEO,บริษัท นีโอ คอร์ปอเรท จำกัด (มหาชน),SET,CONSUMP,PERSON
476,NEP,บริษัท เอ็นอีพี อสังหาริมทรัพย์ และอุตสาหกรรม จำกัด (มหาชน),SET,INDUS,PKG
477,NER,บริษัท นอร์ทอีส รับเบอร์ จำกัด (มหาชน),SET,AGRO,AGRI
478,NETBAY,บริษัท เน็ตเบย์ จำกัด (มหาชน),mai,TECH,
479,NEW,บริษัท วัฒนาการแพทย์ จำกัด (มหาชน),SET,SERVICE,HELTH
480,NEWS,บริษัท นิวส์ เน็ตเวิร์ค คอร์ปอเรชั่น จำกัด (มหาชน),mai,SERVICE,
481,NEX,บริษัท เน็กซ์ พอยท์ จำกัด (มหาชน),SET,INDUS,AUTO
482,NFC,บริษัท เอ็นเอฟซี จำกัด (มหาชน),SET,INDUS,PETRO
483,NKI,บริษัท นวกิจประกันภัย จำกัด (มหาชน),SET,FINCIAL,INSUR
484,NL,บริษัท เอ็นแอล ดีเวลลอปเมนต์ จำกัด (มหาชน),SET,PROPCON,CONS
485,NNCL,บริษัท นวนคร จำกัด (มหาชน),SET,PROPCON,PROP
486,NOBLE,บริษัท โนเบิล ดีเวลลอปเมนท์ จำกัด (มหาชน),SET,PROPCON,PROP
487,NOK,บริษัท สายการบินนกแอร์ จำกัด (มหาชน),SET,SERVICE,TRANS
488,NOVA,บริษัท โนวา เอมไพร์ จำกัด (มหาชน),SET,RESOURC,ENERG
489,NPK,บริษัท นิวพลัสนิตติ้ง จำกัด (มหาชน),mai,CONSUMP,
490,NRF,บริษัท เอ็นอาร์ อินสแตนท์ โปรดิวซ์ จำกัด (มหาชน),SET,AGRO,FOOD
491,NSL,บริษัท เอ็นเอสแอล ฟู้ดส์ จำกัด (มหาชน),SET,AGRO,FOOD
492,NTSC,บริษัท นิวทรีชั่น เอสซี จำกัด (มหาชน),mai,AGRO,
493,NTV,บริษัท โรงพยาบาลนนทเวช จำกัด (มหาชน),SET,SERVICE,HELTH
494,NUSA,บริษัท ณุศาศิริ จำกัด (มหาชน),SET,PROPCON,PROP
495,NV,บริษัท โนวา ออร์แกนิค จำกัด (มหาชน),SET,CONSUMP,PERSON
496,NVD,บริษัท เนอวานา ดีเวลลอปเม้นท์ จำกัด (มหาชน),SET,PROPCON,PROP
497,NWR,บริษัทเนาวรัตน์พัฒนาการ จำกัด (มหาชน),SET,PROPCON,CONS
498,NYT,บริษัท นามยง เทอร์มินัล จำกัด (มหาชน),SET,SERVICE,TRANS
499,OCC,บริษัท โอ ซี ซี จำกัด (มหาชน),SET,CONSUMP,PERSON
500,OGC,บริษัท โอเชียนกลาส จำกัด (มหาชน),SET,CONSUMP,HOME
501,OHTL,บริษัท โอเอชทีแอล จำกัด (มหาชน),SET,SERVICE,TOURISM
502,ONEE,บริษัท เดอะ วัน เอ็นเตอร์ไพรส์ จำกัด (มหาชน),SET,SERVICE,MEDIA
503,OR,บริษัท ปตท. น้ำมันและการค้าปลีก จำกัด (มหาชน),SET,RESOURC,ENERG
504,ORI,บริษัท ออริจิ้น พร็อพเพอร์ตี้ จำกัด (มหาชน),SET,PROPCON,PROP
505,ORN,บริษัท อรสิริน โฮลดิ้ง จํากัด (มหาชน),SET,PROPCON,PROP
506,OSP,บริษัท โอสถสภา จำกัด (มหาชน),SET,AGRO,FOOD
507,PACO,บริษัท เพรสซิเด้นท์ ออโตโมบิล อินดัสทรีส์ จำกัด (มหาชน),mai,INDUS,
508,PAF,บริษัท แพนเอเซียฟุตแวร์ จำกัด (มหาชน),SET,CONSUMP,FASHION
509,PANEL,บริษัท เพเนเล่ส์มาติก โซลูชั่นส์ จำกัด (มหาชน),mai,PROPCON,
510,PAP,บริษัท แปซิฟิกไพพ์ จำกัด (มหาชน),SET,INDUS,STEEL
511,PATO,บริษัท พาโตเคมีอุตสาหกรรม จำกัด (มหาชน),SET,INDUS,PETRO
512,PB,บริษัท เพรซิเดนท์ เบเกอรี่ จำกัด (มหาชน),SET,AGRO,FOOD
513,PCC,บริษัท พรีไซซ คอร์ปอเรชั่น จำกัด (มหาชน),SET,INDUS,IMM
514,PCE,บริษัท เพชรศรีวิชัย เอ็นเตอร์ไพรส์ จำกัด (มหาชน),SET,AGRO,AGRI
515,PCSGH,บริษัท พี.ซี.เอส.แมชีน กรุ๊ปโฮลดิ้ง จำกัด (มหาชน),SET,INDUS,AUTO
516,PDG,บริษัท พรอดดิจิ จำกัด (มหาชน),mai,INDUS,
517,PDJ,บริษัท แพรนด้า จิวเวลรี่ จำกัด (มหาชน),SET,CONSUMP,FASHION
518,PEACE,บริษัท พีซแอนด์ลีฟวิ่ง จำกัด (มหาชน),SET,PROPCON,PROP
519,PEER,บริษัท เพียร์ ฟอร์ ยู จำกัด (มหาชน),mai,SERVICE,
520,PERM,บริษัท เพิ่มสินสตีลเวิคส์ จำกัด (มหาชน),SET,INDUS,STEEL
521,PF,บริษัท พร็อพเพอร์ตี้ เพอร์เฟค จำกัด (มหาชน),SET,PROPCON,PROP
522,PG,บริษัท ประชาอาภรณ์ จำกัด (มหาชน),SET,CONSUMP,FASHION
523,PHG,บริษัท แพทย์รังสิตเฮลท์แคร์กรุ๊ป จำกัด (มหาชน),SET,SERVICE,HELTH
524,PHOL,บริษัท ผลธัญญะ จำกัด (มหาชน),mai,INDUS,
525,PICO,บริษัท ปิโก (ไทยแลนด์) จำกัด (มหาชน),mai,SERVICE,
526,PIMO,บริษัท ไพโอเนียร์ มอเตอร์ จำกัด (มหาชน),mai,INDUS,
527,PIN,บริษัท ปิ่นทอง อินดัสเตรียล ปาร์ค จำกัด (มหาชน),SET,PROPCON,PROP
528,PJW,บริษัท ปัญจวัฒนาพลาสติก จำกัด (มหาชน),SET,INDUS,PKG
529,PK,บริษัท พัฒน์กล จำกัด (มหาชน),SET,INDUS,IMM
530,PL,บริษัท ภัทรลิสซิ่ง จำกัด (มหาชน),SET,FINCIAL,FIN
531,PLANB,บริษัท แพลน บี มีเดีย จำกัด (มหาชน),SET,SERVICE,MEDIA
532,PLANET,บริษัท แพลนเน็ต คอมมิวนิเคชั่น เอเชีย จำกัด (มหาชน),mai,TECH,
533,PLAT,บริษัท เดอะ แพลทินัม กรุ๊ป จำกัด (มหาชน),SET,PROPCON,PROP
534,PLE,บริษัท เพาเวอร์ไลน์ เอ็นจิเนียริ่ง จำกัด (มหาชน),SET,PROPCON,CONS
535,PLT,บริษัท พีลาทัส มารีน จำกัด (มหาชน),mai,SERVICE,
536,PLUS,บริษัท โรแยล พลัส จำกัด (มหาชน),SET,AGRO,FOOD
537,PM,บริษัท พรีเมียร์ มาร์เก็ตติ้ง จำกัด (มหาชน),SET,AGRO,FOOD
538,PMC,บริษัท พีเอ็มซี เลเบิล แมททีเรียลส์ จำกัด (มหาชน),mai,INDUS,
539,PMTA,บริษัท พีเอ็ม โทรีเซน เอเชีย โฮลดิ้งส์ จำกัด (มหาชน),SET,INDUS,PETRO
540,POLAR,บริษัท โพลาริส แคปปิตัล จำกัด (มหาชน),SET,PROPCON,PROP
541,POLY,บริษัท โพลีเน็ต จำกัด (มหาชน),SET,INDUS,AUTO
542,POPF,กองทุนรวมสิทธิการเช่าอสังหาริมทรัพย์ไพร์มออฟฟิศ,SET,PROPCON,PF&REIT
543,PORT,บริษัท สหไทย เทอร์มินอล จำกัด (มหาชน),SET,SERVICE,TRANS
544,PPM,บริษัท พรพรหมเม็ททอล จำกัด (มหาชน),mai,INDUS,
545,PPP,บริษัท พรีเมียร์ โพรดักส์ จำกัด (มหาชน),SET,PROPCON,CONMAT
546,PPPM,บริษัท พีพี ไพร์ม จำกัด (มหาชน),SET,AGRO,AGRI
547,PPS,บริษัท โปรเจค แพลนนิ่ง เซอร์วิส จำกัด (มหาชน),mai,PROPCON,
548,PQS,บริษัท พรีเมียร์ควอลิตี้สตาร์ช จำกัด (มหาชน),SET,AGRO,FOOD
549,PR9,บริษัท โรงพยาบาลพระรามเก้า จำกัด (มหาชน),SET,SERVICE,HELTH
550,PRAKIT,บริษัท ประกิต โฮลดิ้งส์ จำกัด (มหาชน),SET,SERVICE,MEDIA
551,PRAPAT,บริษัท พีรพัฒน์ เทคโนโลยี จำกัด (มหาชน),mai,INDUS,
552,PREB,บริษัท พรีบิลท์ จำกัด (มหาชน),SET,PROPCON,CONS
553,PRECHA,บริษัท ปรีชากรุ๊ป จำกัด (มหาชน),SET,PROPCON,PROP
554,PRG,บริษัท พี อาร์ จี คอร์ปอเรชั่น จำกัด (มหาชน),SET,AGRO,FOOD
555,PRI,บริษัท พรีโม เซอร์วิส โซลูชั่น จำกัด (มหาชน),mai,PROPCON,
556,PRIME,บริษัท ไพร์ม โรด เพาเวอร์ จำกัด (มหาชน),SET,RESOURC,ENERG
557,PRIN,บริษัท ปริญสิริ จำกัด (มหาชน),SET,PROPCON,PROP
558,PRINC,บริษัท พริ้นซิเพิล แคปิตอล จำกัด (มหาชน),SET,SERVICE,HELTH
559,PRM,บริษัท พริมา มารีน จำกัด (มหาชน),SET,SERVICE,TRANS
560,PRO,บริษัท โปรเฟสชั่นแนล เวสต์ เทคโนโลยี (1999) จำกัด (มหาชน),SET,SERVICE,PROF
561,PROEN,บริษัท โปรเอ็น คอร์ป จำกัด (มหาชน),mai,TECH,
562,PROS,บริษัท พรอสเพอร์ เอ็นจิเนียริ่ง จำกัด (มหาชน),mai,PROPCON,
563,PROSPECT,ทรัสต์เพื่อการลงทุนในอสังหาริมทรัพย์และสิทธิการเช่าอสังหาริมทรัพย์ พรอสเพค โลจิสติกส์และอินดัสเทรียล,SET,PROPCON,PF&REIT
564,PROUD,บริษัท พราว เรียล เอสเตท จำกัด (มหาชน),SET,PROPCON,PROP
565,PRTR,บริษัท พีอาร์ทีอาร์ กรุ๊ป จำกัด (มหาชน),SET,SERVICE,PROF
566,PSG,บริษัท พีเอสจี คอร์ปอเรชั่น จำกัด (มหาชน),mai,PROPCON,
567,PSH,บริษัท พฤกษา โฮลดิ้ง จำกัด (มหาชน),SET,PROPCON,PROP
568,PSL,บริษัท พรีเชียส ชิพปิ้ง จำกัด (มหาชน),SET,SERVICE,TRANS
569,PSP,บริษัท พี.เอส.พี.สเปเชียลตี้ส์ จำกัด (มหาชน),SET,INDUS,IMM
570,PSTC,บริษัท เพาเวอร์ โซลูชั่น เทคโนโลยี จำกัด (มหาชน),mai,RESOURC,
571,PT,บริษัท พรีเมียร์ เทคโนโลยี จำกัด (มหาชน),SET,TECH,ICT
572,PTC,บริษัท พรีเมียร์ แทงค์ คอร์ปอเรชั่น จำกัด (มหาชน),mai,RESOURC,
573,PTECH,บริษัท พลัส เทค อินโนเวชั่น จำกัด (มหาชน),SET,SERVICE,MEDIA
574,PTG,บริษัท พีทีจี เอ็นเนอยี จำกัด (มหาชน),SET,RESOURC,ENERG
575,PTL,บริษัท โพลีเพล็กซ์ (ประเทศไทย) จำกัด (มหาชน),SET,INDUS,PKG
576,PTT,บริษัท ปตท. จำกัด (มหาชน),SET,RESOURC,ENERG
577,PTTEP,บริษัท ปตท.สำรวจและผลิตปิโตรเลียม จำกัด (มหาชน),SET,RESOURC,ENERG
578,PTTGC,บริษัท พีทีที โกลบอล เคมิคอล จำกัด (มหาชน),SET,INDUS,PETRO
579,PYLON,บริษัท ไพลอน จำกัด (มหาชน),SET,PROPCON,CONS
580,Q-CON,บริษัท ควอลิตี้คอนสตรัคชั่นโปรดัคส์ จำกัด (มหาชน),SET,PROPCON,CONMAT
581,QH,บริษัท ควอลิตี้เฮ้าส์ จำกัด (มหาชน),SET,PROPCON,PROP
582,QHHRREIT,ทรัสต์เพื่อการลงทุนในอสังหาริมทรัพย์และสิทธิการเช่า ควอลิตี้ เฮ้าส์ โฮเทล แอนด์ เรซิเดนซ์,SET,PROPCON,PF&REIT
583,QHOP,กองทุนรวมสิทธิการเช่าอสังหาริมทรัพย์ควอลิตี้ ฮอสพิทอลลิตี้,SET,PROPCON,PF&REIT
584,QHPF,กองทุนรวมสิทธิการเช่าอสังหาริมทรัพย์ควอลิตี้ เฮ้าส์,SET,PROPCON,PF&REIT
585,QLT,บริษัท ควอลลีเทค จำกัด (มหาชน),mai,SERVICE,
586,QTC,บริษัท คิวทีซี เอนเนอร์ยี่ จำกัด (มหาชน),SET,INDUS,IMM
587,QTCG,บริษัท คิวทีซีจี จำกัด (มหาชน),mai,PROPCON,
588,RABBIT,บริษัท แรบบิท โฮลดิ้งส์ จำกัด (มหาชน),SET,PROPCON,PROP
589,RAM,บริษัท โรงพยาบาลรามคำแหง จำกัด (มหาชน),SET,SERVICE,HELTH
590,RATCH,บริษัท ราช กรุ๊ป จำกัด (มหาชน),SET,RESOURC,ENERG
591,RBF,บริษัท อาร์ แอนด์ บี ฟู้ด ซัพพลาย จำกัด (มหาชน),SET,AGRO,FOOD
592,RCL,บริษัท อาร์ ซี แอล จำกัด (มหาชน),SET,SERVICE,TRANS
593,READY,บริษัท เรดดี้แพลนเน็ต จำกัด (มหาชน),mai,TECH,
594,RICHY,บริษัท ริชี่ เพลซ 2002 จำกัด (มหาชน),SET,PROPCON,PROP
595,RJH,บริษัท โรงพยาบาลราชธานี จำกัด (มหาชน),SET,SERVICE,HELTH
596,RML,บริษัท ไรมอน แลนด์ จำกัด (มหาชน),SET,PROPCON,PROP
597,ROCK,บริษัท ร้อกเวิธ จำกัด (มหาชน),SET,CONSUMP,HOME
598,ROCTEC,บริษัท ร็อคเทค โกลบอล จำกัด (มหาชน),SET,TECH,ICT
599,ROH,บริษัท โรงแรมรอยัล ออคิด (ประเทศไทย) จำกัด (มหาชน),SET,SERVICE,TOURISM
600,ROJNA,บริษัท สวนอุตสาหกรรมโรจนะ จำกัด (มหาชน),SET,PROPCON,PROP
601,RP,บริษัท ท่าเรือราชาเฟอร์รี่ จำกัด (มหาชน),mai,SERVICE,
602,RPC,บริษัท อาร์พีซีจี จำกัด (มหาชน),SET,RESOURC,ENERG
603,RPH,บริษัท โรงพยาบาลราชพฤกษ์ จำกัด (มหาชน),SET,SERVICE,HELTH
604,RS,บริษัท อาร์เอส จำกัด (มหาชน),SET,SERVICE,COMM
605,RSP,บริษัท ริช สปอร์ต จำกัด (มหาชน),SET,SERVICE,COMM
606,RT,บริษัท ไร้ท์ทันเน็ลลิ่ง จำกัด (มหาชน),SET,PROPCON,CONS
607,RWI,บริษัท ระยองไวร์ อินดัสตรีส์ จำกัด (มหาชน),mai,INDUS,
608,S,บริษัท สิงห์ เอสเตท จำกัด (มหาชน),SET,PROPCON,PROP
609,S&J,บ.เอส แอนด์ เจ อินเตอร์เนชั่นแนล เอนเตอร์ไพรส์ จำกัด (มหาชน),SET,CONSUMP,PERSON
610,S11,บริษัท เอส 11 กรุ๊ป จำกัด (มหาชน),SET,FINCIAL,FIN
611,SA,บริษัท ไซมิส แอสเสท จำกัด (มหาชน),SET,PROPCON,PROP
612,SAAM,บริษัท เอสเอเอเอ็ม ดีเวลลอปเมนท์ จำกัด (มหาชน),mai,RESOURC,
613,SABINA,บริษัท ซาบีน่า จำกัด (มหาชน),SET,CONSUMP,FASHION
614,SABUY,บริษัท สบาย เทคโนโลยี จำกัด (มหาชน),SET,SERVICE,COMM
615,SAF,บริษัท เอส.เอ.เอฟ. สเปเชียล สตีล จำกัด (มหาชน),mai,INDUS,
616,SAFARI,บริษัท ซาฟารีเวิลด์ จำกัด (มหาชน),SET,REHABCO,
617,SAFE,บริษัท เซฟ เฟอร์ทิลิตี้ กรุ๊ป จำกัด (มหาชน),SET,SERVICE,HELTH
618,SAK,บริษัท ศักดิ์สยามลิสซิ่ง จำกัด (มหาชน),SET,FINCIAL,FIN
619,SALEE,บริษัท สาลี่อุตสาหกรรม จำกัด (มหาชน),mai,INDUS,
620,SAM,บริษัท สามชัย สตีล อินดัสทรี จำกัด (มหาชน),SET,INDUS,STEEL
621,SAMART,บริษัท สามารถคอร์ปอเรชั่น จำกัด (มหาชน),SET,TECH,ICT
622,SAMCO,บริษัท สัมมากร จำกัด (มหาชน),SET,PROPCON,PROP
623,SAMTEL,บริษัท สามารถเทลคอม จำกัด (มหาชน),SET,TECH,ICT
624,SANKO,บริษัท ซังโกะ ไดคาซติ้ง (ประเทศไทย) จำกัด (มหาชน),mai,INDUS,
625,SAPPE,บริษัท เซ็ปเป้ จำกัด (มหาชน),SET,AGRO,FOOD
626,SAT,บริษัท สมบูรณ์ แอ๊ดวานซ์ เทคโนโลยี จำกัด (มหาชน),SET,INDUS,AUTO
627,SAUCE,บริษัท ไทยเทพรส จำกัด (มหาชน),SET,AGRO,FOOD
628,SAV,บริษัท สามารถ เอวิเอชั่น โซลูชั่นส์ จำกัด (มหาชน),SET,SERVICE,TRANS
629,SAWAD,บริษัท ศรีสวัสดิ์ คอร์ปอเรชั่น จำกัด (มหาชน),SET,FINCIAL,FIN
630,SAWANG,บริษัท สว่างเอ็กซ์ปอร์ต จำกัด (มหาชน),SET,CONSUMP,FASHION
631,SBNEXT,บริษัท สบาย คอนเน็กซ์ เทค จำกัด (มหาชน),SET,CONSUMP,HOME
632,SC,บริษัท เอสซี แอสเสท คอร์ปอเรชั่น จำกัด (มหาชน),SET,PROPCON,PROP
633,SCAP,บริษัท ศรีสวัสดิ์ แคปปิตอล 1969 จำกัด (มหาชน),SET,FINCIAL,FIN
634,SCB,บริษัท เอสซีบี เอกซ์ จำกัด (มหาชน),SET,FINCIAL,BANK
635,SCC,บริษัท ปูนซิเมนต์ไทย จำกัด(มหาชน),SET,PROPCON,CONMAT
636,SCCC,บริษัท ปูนซีเมนต์นครหลวง จำกัด (มหาชน),SET,PROPCON,CONMAT
637,SCG,บริษัท ราชพัฒนา เอ็นเนอร์ยี จำกัด (มหาชน),SET,RESOURC,ENERG
638,SCGD,บริษัท เอสซีจี เดคคอร์ จำกัด (มหาชน),SET,PROPCON,CONMAT
639,SCGP,บริษัท เอสซีจี แพคเกจจิ้ง จำกัด (มหาชน),SET,INDUS,PKG
640,SCI,บริษัท เอสซีไอ อีเลคตริค จำกัด (มหาชน),SET,INDUS,IMM
641,SCL,บริษัท เอส.ซี.แอล.มอเตอร์ พาร์ท จำกัด (มหาชน),mai,INDUS,
642,SCM,บริษัท ซัคเซสมอร์ บีอิ้งค์ จำกัด (มหาชน),SET,SERVICE,COMM
643,SCN,บริษัท สแกน อินเตอร์ จำกัด (มหาชน),SET,RESOURC,ENERG
644,SCP,บริษัท ทักษิณคอนกรีต จำกัด (มหาชน),SET,PROPCON,CONMAT
645,SDC,บริษัท สามารถ ดิจิตอล จำกัด (มหาชน),SET,TECH,ICT
646,SE,บริษัท สยามอีสต์ โซลูชั่น จำกัด (มหาชน),SET,INDUS,IMM
647,SEAFCO,บริษัท ซีฟโก้ จำกัด (มหาชน),SET,PROPCON,CONS
648,SEAOIL,บริษัท ซีออยล์ จำกัด (มหาชน),SET,RESOURC,ENERG
649,SECURE,บริษัท เอ็นฟอร์ซ ซีเคียว จำกัด (มหาชน),mai,TECH,
650,SE-ED,บริษัท ซีเอ็ดยูเคชั่น จำกัด (มหาชน),SET,SERVICE,MEDIA
651,SELIC,บริษัท ซีลิค คอร์พ จำกัด (มหาชน),mai,INDUS,
652,SENA,บริษัท เสนาดีเวลลอปเม้นท์ จำกัด (มหาชน),SET,PROPCON,PROP
653,SENX,บริษัท เซ็น เอกซ์ จำกัด (มหาชน),mai,PROPCON,
654,SFLEX,บริษัท สตาร์เฟล็กซ์ จำกัด (มหาชน),SET,INDUS,PKG
655,SFT,บริษัท ชริ้งเฟล็กซ์ (ประเทศไทย) จำกัด (มหาชน),mai,INDUS,
656,SGC,บริษัท เอสจี แคปปิตอล จำกัด (มหาชน),SET,FINCIAL,FIN
657,SGF,บริษัท เอสจีเอฟ แคปปิตอล จำกัด (มหาชน),mai,FINCIAL,
658,SGP,บริษัท สยามแก๊ส แอนด์ ปิโตรเคมีคัลส์ จำกัด (มหาชน),SET,RESOURC,ENERG
659,SHANG,บริษัท แชงกรี-ลา โฮเต็ล จำกัด (มหาชน),SET,SERVICE,TOURISM
660,SHR,บริษัท เอส โฮเทล แอนด์ รีสอร์ท จำกัด (มหาชน),SET,SERVICE,TOURISM
661,SIAM,บริษัท สยามสตีลอินเตอร์เนชั่นแนล จำกัด (มหาชน),SET,CONSUMP,HOME
662,SICT,บริษัท ซิลิคอน คราฟท์ เทคโนโลยี จำกัด (มหาชน),mai,TECH,
663,SIMAT,บริษัท ไซแมท เทคโนโลยี จำกัด (มหาชน),mai,TECH,
664,SINGER,บริษัท ซิงเกอร์ประเทศไทย จำกัด (มหาชน),SET,SERVICE,COMM
665,SINO,บริษัท ไซโน โลจิสติกส์ คอร์ปอเรชั่น จำกัด (มหาชน),SET,SERVICE,TRANS
666,SIRI,บริษัท แสนสิริ จำกัด (มหาชน),SET,PROPCON,PROP
667,SIRIP,กองทุนรวมอสังหาริมทรัพย์แสนสิริ ไพร์มออฟฟิศ,SET,PROPCON,PF&REIT
668,SIS,บริษัท เอสไอเอส ดิสทริบิวชั่น (ประเทศไทย) จำกัด (มหาชน),SET,TECH,ICT
669,SISB,บริษัท เอสไอเอสบี จำกัด (มหาชน),SET,SERVICE,PROF
670,SITHAI,บริษัท ศรีไทยซุปเปอร์แวร์ จำกัด (มหาชน),SET,INDUS,PKG
671,SJWD,บริษัท เอสซีจี เจดับเบิ้ลยูดี โลจิสติกส์ จำกัด (มหาชน),SET,SERVICE,TRANS
672,SK,บริษัท ศิรกร จำกัด (มหาชน),mai,PROPCON,
673,SKE,บริษัท สากล เอนเนอยี จำกัด (มหาชน),SET,RESOURC,ENERG
674,SKN,บริษัท ส.กิจชัย เอ็นเตอร์ไพรส์ จำกัด (มหาชน),SET,PROPCON,CONMAT
675,SKR,บริษัท ศิครินทร์ จำกัด (มหาชน),SET,SERVICE,HELTH
676,SKY,บริษัท สกาย ไอซีที จำกัด (มหาชน),SET,TECH,ICT
677,SLM,บริษัท เอส แอล เอ็ม คอร์ปอเรชั่น จำกัด (มหาชน),mai,SERVICE,
678,SLP,บริษัท สาลี่ พริ้นท์ติ้ง จำกัด (มหาชน),SET,INDUS,PKG
679,SM,บริษัท สตาร์ มันนี่ จำกัด (มหาชน),SET,FINCIAL,FIN
680,SMART,บริษัท สมาร์ทคอนกรีต จำกัด (มหาชน),mai,PROPCON,
681,SMD,บริษัท เซนต์เมด จำกัด (มหาชน),mai,CONSUMP,
682,SMIT,บริษัท สหมิตรเครื่องกล จำกัด (มหาชน),SET,INDUS,STEEL
683,SMK,บริษัท สินมั่นคงประกันภัย จำกัด (มหาชน),SET,FINCIAL,INSUR
684,SMPC,บริษัท สหมิตรถังแก๊ส จำกัด (มหาชน),SET,INDUS,PKG
685,SMT,บริษัท สตาร์ส ไมโครอิเล็กทรอนิกส์ (ประเทศไทย) จำกัด (มหาชน),SET,TECH,ETRON
686,SNC,บริษัท เอส เอ็น ซี ฟอร์เมอร์ จำกัด (มหาชน),SET,INDUS,IMM
687,SNNP,บริษัท ศรีนานาพร มาร์เก็ตติ้ง จำกัด (มหาชน),SET,AGRO,FOOD
688,SNP,บริษัท เอส แอนด์ พี ซินดิเคท จำกัด (มหาชน),SET,AGRO,FOOD
689,SO,บริษัท สยามราชธานี จำกัด (มหาชน),SET,SERVICE,PROF
690,SOLAR,บริษัท โซลาร์ตรอน จำกัด (มหาชน),SET,RESOURC,ENERG
691,SONIC,บริษัท โซนิค อินเตอร์เฟรท จำกัด (มหาชน),mai,SERVICE,
692,SORKON,บริษัท ส. ขอนแก่นฟู้ดส์ จำกัด (มหาชน),SET,AGRO,FOOD
693,SPA,บริษัท สยามเวลเนสกรุ๊ป จำกัด (มหาชน),SET,SERVICE,TOURISM
694,SPACK,บริษัท เอส. แพ็ค แอนด์ พริ้นท์ จำกัด (มหาชน),SET,INDUS,PKG
695,SPALI,บริษัท ศุภาลัย จำกัด (มหาชน),SET,PROPCON,PROP
696,SPC,บริษัท สหพัฒนพิบูล จำกัด (มหาชน),SET,SERVICE,COMM
697,SPCG,บริษัท เอสพีซีจี จำกัด (มหาชน),SET,RESOURC,ENERG
698,SPG,บริษัท สยามภัณฑ์กรุ๊ป จำกัด (มหาชน),SET,INDUS,AUTO
699,SPI,บริษัท สหพัฒนาอินเตอร์โฮลดิ้ง จำกัด (มหาชน),SET,SERVICE,COMM
700,SPRC,บริษัท สตาร์ ปิโตรเลียม รีไฟน์นิ่ง จำกัด (มหาชน),SET,RESOURC,ENERG
701,SPREME,บริษัท สุพรีม ดิสทิบิวชั่น จำกัด (มหาชน),SET,TECH,ICT
702,SPRIME,ทรัสต์เพื่อการลงทุนในสิทธิการเช่าอสังหาริมทรัพย์ เอส ไพรม์ โกรท,SET,PROPCON,PF&REIT
703,SPVI,บริษัท เอส พี วี ไอ จำกัด (มหาชน),mai,TECH,
704,SQ,บริษัท สหกลอิควิปเมนท์ จำกัด (มหาชน),SET,PROPCON,CONS
705,SR,บริษัท สยามราช จำกัด (มหาชน),mai,RESOURC,
706,SRICHA,บริษัท ศรีราชาคอนสตรัคชั่น จำกัด (มหาชน),SET,PROPCON,CONS
707,SRIPANWA,ทรัสต์เพื่อการลงทุนในอสังหาริมทรัพย์โรงแรมศรีพันวา,SET,PROPCON,PF&REIT
708,SRS,บริษัท สิริซอฟต์ จำกัด (มหาชน),mai,TECH,
709,SSC,บริษัท เสริมสุข จำกัด (มหาชน),SET,AGRO,FOOD
710,SSF,บริษัท สุรพลฟู้ดส์ จำกัด (มหาชน),SET,AGRO,FOOD
711,SSP,บริษัท เสริมสร้าง พาวเวอร์ คอร์ปอเรชั่น จำกัด (มหาชน),SET,RESOURC,ENERG
712,SSPF,กองทุนรวมอสังหาริมทรัพย์ศาลาแอทสาทร,SET,PROPCON,PF&REIT
713,SSSC,บริษัท ศูนย์บริการเหล็กสยาม จำกัด (มหาชน),SET,INDUS,STEEL
714,SST,บริษัท ทรัพย์ศรีไทย จำกัด (มหาชน),SET,AGRO,FOOD
715,SSTRT,ทรัสต์เพื่อการลงทุนในอสังหาริมทรัพย์ทรัพย์ศรีไทย,SET,PROPCON,PF&REIT
716,STA,บริษัท ศรีตรังแอโกรอินดัสทรี จำกัด (มหาชน),SET,AGRO,AGRI
717,STANLY,บริษัท ไทยสแตนเลย์การไฟฟ้า จำกัด (มหาชน),SET,INDUS,AUTO
718,STC,บริษัท เอสทีซี คอนกรีตโปรดัคท์ จำกัด (มหาชน),mai,PROPCON,
719,STEC,บริษัท ซิโน-ไทย เอ็นจีเนียริ่งแอนด์คอนสตรัคชั่น จำกัด(มหาชน),SET,PROPCON,CONS
720,STECH,บริษัท สยามเทคนิคคอนกรีต จำกัด (มหาชน),SET,PROPCON,CONMAT
721,STGT,บริษัท ศรีตรังโกลฟส์ (ประเทศไทย) จำกัด (มหาชน),SET,CONSUMP,PERSON
722,STHAI,บริษัท ซันไทยอุตสาหกรรมถุงมือยาง จำกัด (มหาชน),SET,CONSUMP,PERSON
723,STI,บริษัท สโตนเฮ้นจ์ อินเตอร์ จำกัด (มหาชน),SET,PROPCON,CONS
724,STOWER,บริษัท สกาย ทาวเวอร์ จำกัด (มหาชน),mai,RESOURC,
725,STP,บริษัท สหไทยการพิมพ์และบรรจุภัณฑ์ จำกัด (มหาชน),mai,INDUS,
726,STPI,บริษัท เอสทีพี แอนด์ ไอ จำกัด (มหาชน),SET,PROPCON,CONS
727,STX,บริษัท สโตนวัน จำกัด (มหาชน),mai,PROPCON,
728,SUC,บริษัท สหยูเนี่ยน จำกัด (มหาชน),SET,CONSUMP,FASHION
729,SUN,บริษัท ซันสวีท จำกัด (มหาชน),SET,AGRO,FOOD
730,SUPER,บริษัท ซุปเปอร์ เอนเนอร์ยี คอร์เปอเรชั่น จำกัด (มหาชน),SET,RESOURC,ENERG
731,SUSCO,บริษัท ซัสโก้ จำกัด (มหาชน),SET,RESOURC,ENERG
732,SUTHA,บริษัท สุธากัญจน์ จำกัด (มหาชน),SET,INDUS,PETRO
733,SVI,บริษัท เอสวีไอ จำกัด (มหาชน),SET,TECH,ETRON
734,SVOA,บริษัท เอสวีโอเอ จำกัด (มหาชน),SET,TECH,ICT
735,SVR,บริษัท สิวารมณ์ เรียลเอสเตท จำกัด (มหาชน),mai,PROPCON,
736,SVT,บริษัท ซันเวนดิ้ง เทคโนโลยี จำกัด (มหาชน),SET,SERVICE,COMM
737,SWC,บริษัท เชอร์วู้ด คอร์ปอเรชั่น (ประเทศไทย) จำกัด (มหาชน),mai,INDUS,
738,SYMC,บริษัท ซิมโฟนี่ คอมมูนิเคชั่น จำกัด (มหาชน),SET,TECH,ICT
739,SYNEX,บริษัท ซินเน็ค (ประเทศไทย) จำกัด (มหาชน),SET,TECH,ICT
740,SYNTEC,บริษัท ซินเท็ค คอนสตรัคชั่น จำกัด (มหาชน),SET,PROPCON,CONS
741,TACC,บริษัท ที.เอ.ซี. คอนซูเมอร์ จำกัด (มหาชน),mai,AGRO,
742,TAE,บริษัท ไทย อะโกร เอ็นเนอร์ยี่ จำกัด (มหาชน),SET,RESOURC,ENERG
743,TAKUNI,บริษัท ทาคูนิ กรุ๊ป จำกัด (มหาชน),mai,RESOURC,
744,TAN,บริษัท ธนจิรา รีเทล คอร์ปอเรชั่น จำกัด (มหาชน),SET,SERVICE,COMM
745,TAPAC,บริษัท ทาพาโก้ จำกัด (มหาชน),mai,PROPCON,
746,TASCO,บริษัท ทิปโก้แอสฟัลท์ จำกัด (มหาชน),SET,PROPCON,CONMAT
747,TBN,บริษัท ทีบีเอ็น คอร์ปอเรชั่น จำกัด (มหาชน),mai,TECH,
748,TC,บริษัท ทรอปิคอลแคนนิ่ง (ประเทศไทย) จำกัด (มหาชน),SET,AGRO,FOOD
749,TCAP,บริษัท ทุนธนชาต จำกัด (มหาชน),SET,FINCIAL,BANK
750,TCC,บริษัท ไทย แคปปิตอล คอร์ปอเรชั่น จำกัด (มหาชน),SET,RESOURC,ENERG
751,TCJ,บริษัท ที.ซี.เจ.เอเซีย จำกัด (มหาชน),SET,INDUS,IMM
752,TCMC,บริษัท ทีซีเอ็ม คอร์ปอเรชั่น จำกัด (มหาชน),SET,CONSUMP,HOME
753,TCOAT,บริษัท อุตสาหกรรมผ้าเคลือบพลาสติกไทย จำกัด (มหาชน),SET,INDUS,PKG
754,TEAM,บริษัท ทีมพรีซิชั่น จำกัด (มหาชน),SET,TECH,ETRON
755,TEAMG,บริษัท ทีม คอนซัลติ้ง เอนจิเนียริ่ง แอนด์ แมเนจเมนท์ จำกัด (มหาชน),SET,PROPCON,CONS
756,TEGH,บริษัท ไทยอีสเทิร์น กรุ๊ป โฮลดิ้งส์ จำกัด (มหาชน),SET,AGRO,AGRI
757,TEKA,บริษัท ฑีฆาก่อสร้าง จำกัด (มหาชน),SET,PROPCON,CONS
758,TERA,บริษัท เทอร์ราไบท์ พลัส จำกัด (มหาชน),mai,TECH,
759,TFG,บริษัท ไทยฟู้ดส์ กรุ๊ป จำกัด (มหาชน),SET,AGRO,FOOD
760,TFI,บริษัท ไทยฟิวเจอร์อินคอร์ปอเรชั่น จำกัด (มหาชน),SET,INDUS,PKG
761,TFM,บริษัท ไทยยูเนี่ยน ฟีดมิลล์ จำกัด (มหาชน),SET,AGRO,AGRI
762,TFMAMA,บริษัท ไทยเพรซิเดนท์ฟูดส์ จำกัด (มหาชน),SET,AGRO,FOOD
763,TGE,บริษัท ท่าฉาง กรีน เอ็นเนอร์ยี่ จำกัด (มหาชน),SET,RESOURC,ENERG
764,TGH,บริษัท ไทยกรุ๊ป โฮลดิ้งส์ จำกัด (มหาชน),SET,FINCIAL,INSUR
765,TGPRO,บริษัท ไทย-เยอรมัน โปรดักส์ จำกัด (มหาชน),SET,INDUS,STEEL
766,TH,บริษัท ตงฮั้ว โฮลดิ้ง จำกัด (มหาชน),SET,FINCIAL,FIN
767,THAI,บริษัท การบินไทย จำกัด (มหาชน),SET,SERVICE,TRANS
768,THANA,บริษัท ธนาสิริ กรุ๊ป จำกัด (มหาชน),mai,PROPCON,
769,THANI,บริษัท ราชธานีลิสซิ่ง จำกัด (มหาชน),SET,FINCIAL,FIN
770,THCOM,บริษัท ไทยคม จำกัด (มหาชน),SET,TECH,ICT
771,THE,บริษัท เดอะ สตีล จำกัด (มหาชน),SET,INDUS,STEEL
772,THG,บริษัท ธนบุรี เฮลท์แคร์ กรุ๊ป จำกัด (มหาชน),SET,SERVICE,HELTH
773,THIP,บริษัท ทานตะวันอุตสาหกรรม จำกัด (มหาชน),SET,INDUS,PKG
774,THMUI,บริษัท ไทยมุ้ย คอร์ปอเรชั่น จำกัด (มหาชน),mai,SERVICE,
775,THRE,บริษัท ไทยรับประกันภัยต่อ จำกัด (มหาชน),SET,FINCIAL,INSUR
776,THREL,บริษัท ไทยรีประกันชีวิต จำกัด (มหาชน),SET,FINCIAL,INSUR
777,TIDLOR,บริษัท เงินติดล้อ จำกัด (มหาชน),SET,FINCIAL,FIN
778,TIF1,กองทุนรวมอสังหาริมทรัพย์ไทยอินดัสเตรียล 1,SET,PROPCON,PF&REIT
779,TIGER,บริษัท ไทย อิงเกอร์ โฮลดิ้ง จำกัด (มหาชน),mai,PROPCON,
780,TIPCO,บริษัท ทิปโก้ฟูดส์ จำกัด (มหาชน),SET,AGRO,FOOD
781,TIPH,บริษัท ทิพย กรุ๊ป โฮลดิ้งส์ จำกัด (มหาชน),SET,FINCIAL,INSUR
782,TISCO,บริษัท ทิสโก้ไฟแนนเชียลกรุ๊ป จำกัด (มหาชน),SET,FINCIAL,BANK
783,TITLE,บริษัท ร่มโพธิ์ พร็อพเพอร์ตี้ จำกัด (มหาชน),mai,PROPCON,
784,TK,บริษัท ฐิติกร จำกัด (มหาชน),SET,FINCIAL,FIN
785,TKC,บริษัท เทิร์นคีย์ คอมมูนิเคชั่น เซอร์วิส จำกัด (มหาชน),SET,TECH,ICT
786,TKN,บริษัท เถ้าแก่น้อย ฟู๊ดแอนด์มาร์เก็ตติ้ง จำกัด (มหาชน),SET,AGRO,FOOD
787,TKS,บริษัท ที.เค.เอส. เทคโนโลยี จำกัด (มหาชน),SET,SERVICE,MEDIA
788,TKT,บริษัท ที.กรุงไทยอุตสาหกรรม จำกัด (มหาชน),SET,INDUS,AUTO
789,TLHPF,กองทุนรวมอสังหาริมทรัพย์ ไทยแลนด์ โฮสพีทาลิตี้,SET,PROPCON,PF&REIT
790,TLI,บริษัท ไทยประกันชีวิต จำกัด (มหาชน),SET,FINCIAL,INSUR
791,TM,บริษัท เทคโนเมดิคัล จำกัด (มหาชน),mai,CONSUMP,
792,TMC,บริษัท ที.เอ็ม.ซี. อุตสาหกรรม จำกัด (มหาชน),mai,INDUS,
793,TMD,บริษัท อุตสาหกรรมถังโลหะไทย จำกัด (มหาชน),SET,INDUS,PKG
794,TMI,บริษัท ธีระมงคล อุตสาหกรรม จำกัด (มหาชน),mai,INDUS,
795,TMILL,บริษัท ที เอส ฟลาวมิลล์ จำกัด (มหาชน),mai,AGRO,
796,TMT,บริษัท ทีเอ็มที สตีล จำกัด (มหาชน),SET,INDUS,STEEL
797,TMW,บริษัท ไทยมิตซูวา จำกัด (มหาชน),mai,INDUS,
798,TNDT,บริษัท ไทย เอ็น ดี ที จำกัด (มหาชน),mai,SERVICE,
799,TNH,บริษัท โรงพยาบาลไทยนครินทร์ จำกัด (มหาชน),mai,SERVICE,
800,TNITY,บริษัท ทรีนีตี้ วัฒนา จำกัด (มหาชน),SET,FINCIAL,FIN
801,TNL,บริษัท ธนูลักษณ์ จำกัด (มหาชน),SET,FINCIAL,FIN
802,TNP,บริษัท ธนพิริยะ จำกัด (มหาชน),mai,SERVICE,
803,TNPC,บริษัท ไทยนามพลาสติกส์ จำกัด (มหาชน),SET,INDUS,AUTO
804,TNPF,กองทุนรวมอสังหาริมทรัพย์และสิทธิการเช่าตรีนิตี้,SET,PROPCON,PF&REIT
805,TNR,บริษัท ไทยนิปปอนรับเบอร์อินดัสตรี้ จำกัด (มหาชน),SET,CONSUMP,PERSON
806,TOA,บริษัท ทีโอเอ เพ้นท์ (ประเทศไทย) จำกัด (มหาชน),SET,PROPCON,CONMAT
807,TOG,บริษัท ไทยออพติคอล กรุ๊ป จำกัด (มหาชน),SET,CONSUMP,PERSON
808,TOP,บริษัท ไทยออยล์ จำกัด (มหาชน),SET,RESOURC,ENERG
809,TOPP,บริษัท ไทย โอ.พี.พี. จำกัด (มหาชน),SET,INDUS,PKG
810,TPA,บริษัท ไทยโพลีอะคริลิค จำกัด (มหาชน),SET,INDUS,PETRO
811,TPAC,บริษัท พลาสติค และหีบห่อไทย จำกัด (มหาชน),SET,INDUS,PKG
812,TPBI,บริษัท ทีพีบีไอ จำกัด (มหาชน),SET,INDUS,PKG
813,TPCH,บริษัท ทีพีซี เพาเวอร์โฮลดิ้ง จำกัด (มหาชน),mai,RESOURC,
814,TPCS,บริษัท ทีพีซีเอส จำกัด (มหาชน),SET,INDUS,IMM
815,TPIPL,บริษัท ทีพีไอ โพลีน จำกัด (มหาชน),SET,PROPCON,CONMAT
816,TPIPP,บริษัท ทีพีไอ โพลีน เพาเวอร์ จำกัด (มหาชน),SET,RESOURC,ENERG
817,TPL,บริษัท ไทยพาร์เซิล จำกัด (มหาชน),mai,SERVICE,
818,TPLAS,บริษัท ไทยอุตสาหกรรมพลาสติก (1994) จำกัด (มหาชน),mai,INDUS,
819,TPOLY,บริษัท ไทยโพลีคอนส์ จำกัด (มหาชน),SET,PROPCON,CONS
820,TPP,บริษัท ไทยบรรจุภัณฑ์และการพิมพ์ จำกัด (มหาชน),SET,INDUS,PKG
821,TPRIME,ทรัสต์เพื่อการลงทุนในอสังหาริมทรัพย์และสิทธิการเช่าไทยแลนด์ ไพร์ม พร็อพเพอร์ตี้,SET,PROPCON,PF&REIT
822,TPS,บริษัท เดอะแพรคทิเคิลโซลูชั่น จำกัด (มหาชน),mai,TECH,
823,TQM,บริษัท ทีคิวเอ็ม อัลฟา จำกัด (มหาชน),SET,FINCIAL,INSUR
824,TQR,บริษัท ที คิว อาร์ จำกัด (มหาชน),mai,FINCIAL,
825,TR,บริษัท ไทยเรยอน จำกัด (มหาชน),SET,CONSUMP,FASHION
826,TRC,บริษัท ทีอาร์ซี คอนสตรัคชั่น จำกัด (มหาชน),SET,PROPCON,CONS
827,TRITN,บริษัท ไทรทัน โฮลดิ้ง จำกัด (มหาชน),SET,PROPCON,CONS
828,TRP,บริษัท เอสเตติก คอนเนค จำกัด (มหาชน),mai,SERVICE,
829,TRT,บริษัท ถิรไทย จำกัด (มหาชน),mai,INDUS,
830,TRU,บริษัท ไทยรุ่งยูเนียนคาร์ จำกัด (มหาชน),SET,INDUS,AUTO
831,TRUBB,บริษัท ไทยรับเบอร์ลาเท็คซ์กรุ๊ป จำกัด (มหาชน),SET,AGRO,AGRI
832,TRUE,บริษัท ทรู คอร์ปอเรชั่น จำกัด (มหาชน),SET,TECH,ICT
833,TRV,บริษัท ที.อาร์.วี. รับเบอร์ โปรดักส์ จำกัด (มหาชน),mai,INDUS,
834,TSC,บริษัท ไทยสตีลเคเบิล จำกัด (มหาชน),SET,INDUS,AUTO
835,TSE,บริษัท ไทย โซล่าร์ เอ็นเนอร์ยี่ จำกัด (มหาชน),SET,RESOURC,ENERG
836,TSI,บริษัท ไทยเศรษฐกิจประกันภัย จำกัด (มหาชน),SET,FINCIAL,INSUR
837,TSTE,บริษัท ทีเอสทีอี จำกัด (มหาชน),SET,SERVICE,TRANS
838,TSTH,บริษัท ทาทา สตีล (ประเทศไทย) จำกัด (มหาชน),SET,INDUS,STEEL
839,TTA,บริษัท โทรีเซนไทย เอเยนต์ซีส์ จำกัด (มหาชน),SET,SERVICE,TRANS
840,TTB,ธนาคารทหารไทยธนชาต จำกัด (มหาชน),SET,FINCIAL,BANK
841,TTCL,บริษัท ทีทีซีแอล จำกัด (มหาชน),SET,PROPCON,CONS
842,TTI,บริษัท โรงงานผ้าไทย จำกัด (มหาชน),SET,CONSUMP,FASHION
843,TTLPF,กองทุนรวมสิทธิการเช่าอสังหาริมทรัพย์ตลาดไท,SET,PROPCON,PF&REIT
844,TTT,บริษัท โทเร เท็กซ์ไทล์ (ประเทศไทย) จำกัด (มหาชน),SET,CONSUMP,FASHION
845,TTW,บริษัท ทีทีดับบลิว จำกัด (มหาชน),SET,RESOURC,ENERG
846,TU,บริษัท ไทยยูเนี่ยน กรุ๊ป จำกัด (มหาชน),SET,AGRO,FOOD
847,TU-PF,กองทุนรวมสิทธิการเช่าอสังหาริมทรัพย์ ที ยู โดม เรสซิเดนท์เชียล คอมเพล็กซ์,SET,PROPCON,PF&REIT
848,TURTLE,บริษัท ซุปเปอร์ เทอร์เทิล จำกัด (มหาชน),mai,SERVICE,
849,TVDH,บริษัท ทีวีดี โฮลดิ้งส์ จำกัด (มหาชน),mai,SERVICE,
850,TVH,บริษัท ไทยวิวัฒน์ โฮลดิ้งส์ จำกัด (มหาชน),SET,FINCIAL,INSUR
851,TVO,บริษัท น้ำมันพืชไทย จำกัด (มหาชน),SET,AGRO,FOOD
852,TVT,บริษัท ทีวี ธันเดอร์ จำกัด (มหาชน),mai,SERVICE,
853,TWP,บริษัท ไทยไวร์โพรดัคท์ จำกัด (มหาชน),SET,INDUS,STEEL
854,TWPC,บริษัท ไทยวา จำกัด (มหาชน),SET,AGRO,FOOD
855,TWZ,บริษัท ทีดับบลิวแซด คอร์ปอเรชั่น จำกัด (มหาชน),SET,TECH,ICT
856,TYCN,บริษัทไทยคูน เวิลด์ไวด์ กรุ๊ป (ประเทศไทย) จำกัด (มหาชน),SET,INDUS,STEEL
857,UAC,บริษัท ยูเอซี โกลบอล จำกัด (มหาชน),SET,INDUS,PETRO
858,UBA,บริษัท ยูทิลิตี้ บิสิเนส อัลลายแอนซ์ จำกัด (มหาชน),mai,SERVICE,
859,UBE,บริษัท อุบล ไบโอ เอทานอล จำกัด (มหาชน),SET,RESOURC,ENERG
860,UBIS,บริษัท ยูบิส (เอเชีย) จำกัด (มหาชน),mai,INDUS,
861,UEC,บริษัท ยูนิมิต เอนจิเนียริ่ง จำกัด (มหาชน),mai,INDUS,
862,UKEM,บริษัท ยูเนี่ยน ปิโตรเคมีคอล จำกัด (มหาชน),mai,INDUS,
863,UMI,บริษัท สหโมเสคอุตสาหกรรม จำกัด (มหาชน),SET,PROPCON,CONMAT
864,UMS,บริษัท ยูนิค ไมนิ่ง เซอร์วิสเซส จำกัด (มหาชน),mai,RESOURC,
865,UNIQ,บริษัท ยูนิค เอ็นจิเนียริ่ง แอนด์ คอนสตรัคชั่น จำกัด (มหาชน),SET,PROPCON,CONS
866,UOBKH,บริษัทหลักทรัพย์ ยูโอบี เคย์เฮียน (ประเทศไทย) จำกัด (มหาชน),SET,FINCIAL,FIN
867,UP,บริษัท ยูเนี่ยนพลาสติก จำกัด (มหาชน),SET,INDUS,PETRO
868,UPF,บริษัท ยูเนี่ยนไพโอเนียร์ จำกัด (มหาชน),SET,CONSUMP,FASHION
869,UPOIC,บริษัท สหอุตสาหกรรมน้ำมันปาล์ม จำกัด (มหาชน),SET,AGRO,AGRI
870,UREKA,บริษัท ยูเรกา ดีไซน์ จำกัด (มหาชน),mai,INDUS,
871,UTP,บริษัท ยูไนเต็ด เปเปอร์ จำกัด (มหาชน),SET,INDUS,PAPER
872,UV,บริษัท ยูนิเวนเจอร์ จำกัด (มหาชน),SET,PROPCON,PROP
873,UVAN,บริษัท ยูนิวานิชน้ำมันปาล์ม จำกัด (มหาชน),SET,AGRO,AGRI
874,VARO,บริษัท วโรปกรณ์ จำกัด (มหาชน),SET,INDUS,IMM
875,VCOM,บริษัท วินท์คอม เทคโนโลยี จำกัด (มหาชน),mai,TECH,
876,VGI,บริษัท วีจีไอ จำกัด (มหาชน),SET,SERVICE,MEDIA
877,VIBHA,บริษัท โรงพยาบาลวิภาวดี จำกัด (มหาชน),SET,SERVICE,HELTH
878,VIH,บริษัท ศรีวิชัยเวชวิวัฒน์ จำกัด (มหาชน),SET,SERVICE,HELTH
879,VL,บริษัท วี.แอล.เอ็นเตอร์ไพรส์ จำกัด (มหาชน),mai,SERVICE,
880,VNG,บริษัท วนชัย กรุ๊ป จำกัด (มหาชน),SET,PROPCON,CONMAT
881,VPO,บริษัท วิจิตรภัณฑ์ปาล์มออยล์ จำกัด (มหาชน),SET,AGRO,AGRI
882,VRANDA,บริษัท วีรันดา รีสอร์ท จำกัด (มหาชน),SET,SERVICE,TOURISM
883,W,บริษัท วาว แฟคเตอร์ จำกัด (มหาชน),SET,AGRO,FOOD
884,WACOAL,บริษัท ไทยวาโก้ จำกัด (มหาชน),SET,CONSUMP,FASHION
885,WARRIX,บริษัท วอริกซ์ สปอร์ต จำกัด (มหาชน),mai,CONSUMP,
886,WAVE,บริษัท เวฟ เอกซ์โพเนนเชียล จำกัด (มหาชน),SET,SERVICE,PROF
887,WELL,บริษัท เวล แมเนจเม้นท์ คอร์ปอเรชั่น จำกัด (มหาชน),mai,PROPCON,
888,WFX,บริษัท เวิลด์เฟล็กซ์ จำกัด (มหาชน),SET,CONSUMP,FASHION
889,WGE,บริษัท เวล เกรด เอ็นจิเนียริ่ง จำกัด (มหาชน),SET,PROPCON,CONS
890,WHA,บริษัท ดับบลิวเอชเอ คอร์ปอเรชั่น จำกัด (มหาชน),SET,PROPCON,PROP
891,WHABT,ทรัสต์เพื่อการลงทุนในอสังหาริมทรัพย์และสิทธิการเช่าดับบลิวเอชเอ บิสซิเนส คอมเพล็กซ์,SET,PROPCON,PF&REIT
892,WHAIR,ทรัสต์เพื่อการลงทุนในสิทธิการเช่าอสังหาริมทรัพย์ดับบลิวเอชเอ อินดัสเตรียล,SET,PROPCON,PF&REIT
893,WHART,ทรัสต์เพื่อการลงทุนในอสังหาริมทรัพย์และสิทธิการเช่าดับบลิวเอชเอ พรีเมี่ยม โกรท,SET,PROPCON,PF&REIT
894,WHAUP,บริษัท ดับบลิวเอชเอ ยูทิลิตี้ส์ แอนด์ พาวเวอร์ จำกัด (มหาชน),SET,RESOURC,ENERG
895,WICE,บริษัท ไวส์ โลจิสติกส์ จำกัด (มหาชน),SET,SERVICE,TRANS
896,WIIK,บริษัท วิค จำกัด (มหาชน),SET,PROPCON,CONMAT
897,WIN,บริษัท สวนอุตสาหกรรม วินโคสท์ จำกัด (มหาชน),SET,PROPCON,PROP
898,WINDOW,บริษัท วินโดว์ เอเชีย จำกัด (มหาชน),SET,PROPCON,CONMAT
899,WINMED,บริษัท วินเนอร์ยี่ เมดิคอล จำกัด (มหาชน),mai,CONSUMP,
900,WINNER,บริษัท วินเนอร์กรุ๊ป เอ็นเตอร์ไพรซ์ จำกัด (มหาชน),mai,AGRO,
901,WORK,บริษัท เวิร์คพอยท์ เอ็นเทอร์เทนเมนท์ จำกัด (มหาชน),SET,SERVICE,MEDIA
902,WP,บริษัท ดับบลิวพี เอ็นเนอร์ยี่ จำกัด (มหาชน),SET,RESOURC,ENERG
903,WPH,บริษัท โรงพยาบาลวัฒนแพทย์ ตรัง จำกัด (มหาชน),SET,SERVICE,HELTH
904,XO,บริษัท เอ็กโซติค ฟู้ด จำกัด (มหาชน),mai,AGRO,
905,XPG,บริษัท เอ็กซ์สปริง แคปปิตอล จำกัด (มหาชน),SET,FINCIAL,FIN
906,YGG,บริษัท อิ๊กดราซิล กรุ๊ป จำกัด (มหาชน),mai,SERVICE,
907,YONG,บริษัท ยงคอนกรีต จำกัด (มหาชน),mai,PROPCON,
908,YUASA,บริษัท ยัวซ่าแบตเตอรี่ ประเทศไทย จำกัด (มหาชน),mai,INDUS,
909,ZAA,บริษัท ซาเล็คต้า จำกัด (มหาชน),SET,SERVICE,MEDIA
910,ZEN,บริษัท เซ็น คอร์ปอเรชั่น กรุ๊ป จำกัด (มหาชน),SET,AGRO,FOOD
911,ZIGA,บริษัท ซิก้า อินโนเวชั่น จำกัด (มหาชน),mai,INDUS,
